-- phpMyAdmin SQL Dump
-- version 4.1.12
-- http://www.phpmyadmin.net
--
-- Host: 127.0.0.1
-- Generation Time: Apr 30, 2015 at 06:06 PM
-- Server version: 5.6.16
-- PHP Version: 5.5.11

SET SQL_MODE = "NO_AUTO_VALUE_ON_ZERO";
SET time_zone = "+00:00";


/*!40101 SET @OLD_CHARACTER_SET_CLIENT=@@CHARACTER_SET_CLIENT */;
/*!40101 SET @OLD_CHARACTER_SET_RESULTS=@@CHARACTER_SET_RESULTS */;
/*!40101 SET @OLD_COLLATION_CONNECTION=@@COLLATION_CONNECTION */;
/*!40101 SET NAMES utf8 */;

DROP DATABASE drugsdb;
CREATE DATABASE drugsdb;
USE drugsdb;
--
-- Database: `drugsdb`
--

-- --------------------------------------------------------

--
-- Table structure for table `compounds`
--

CREATE TABLE IF NOT EXISTS `compounds` (
  `cid` int(11) NOT NULL AUTO_INCREMENT,
  `cName` varchar(120) NOT NULL,
  `cFormula` varchar(50) NOT NULL,
  `cOName` varchar(50) NOT NULL,
  `cMass` double NOT NULL,
  `cPrecursor` double NOT NULL,
  `cFrag` int(11) NOT NULL,
  `cCAS` varchar(50) NOT NULL,
  `cCAV` varchar(11) NOT NULL,
  PRIMARY KEY (`cid`),
  KEY `cClass` (`cCAV`)
) ENGINE=InnoDB  DEFAULT CHARSET=latin1 AUTO_INCREMENT=374 ;

--
-- Dumping data for table `compounds`
--

INSERT INTO `compounds` (`cid`, `cName`, `cFormula`, `cOName`, `cMass`, `cPrecursor`, `cFrag`, `cCAS`, `cCAV`) VALUES
(122, 'alpha-Pyrrolidinopropiophenone', 'C13H17NO', 'FIU_0278', 203.1, 204.1, 98, '19134-50-0', '4'),
(123, 'alpha-Pyrrolidinopentiophenone', 'C15H21NO', 'FIU_0277', 231.16, 232.2, 93, '14530-33-7', '4'),
(124, 'alpha-Pyrrolidinobutiophenone', 'C14H19NO', 'FIU_0276', 217.1, 218.2, 103, '13415-82-2', '4'),
(125, 'XLR-11', 'C21H28FNO', 'FIU_0275', 329.2, 330.2, 123, '1364933-54-9', '4'),
(126, 'WIN-54461', 'C23H25BrN2O3', 'FIU_0274', 456.1, 457.1, 108, '166599-63-9', '4'),
(127, 'URB-937', 'C20H22N2O4', 'FIU_0273', 354.2, 355.2, 320, '1357160-72-5', '4'),
(128, 'URB-754', 'C16H14N2O2', 'FIU_0272', 266.1, 267.1, 98, '86672-58-4', '4'),
(129, 'URB-602', 'C19H21NO2', 'FIU_0271', 295.2, 296.2, 55, '565460-15-3', '4'),
(130, 'URB-597', 'C20H22N2O3', 'FIU_0270', 338.2, 339.2, 60, '546141-08-6', '4'),
(131, 'URB-447', 'C25H21ClN2O', 'FIU_0269', 400.1, 401.1, 118, '1132922-57-6', '4'),
(132, 'UR-144', 'C21H29NO', 'FIU_0268', 311.2, 312.2, 118, '1199943-44-6', '4'),
(133, 'TMA-2', 'C12H19NO3', 'FIU_0267', 225.1, 226.1, 113, '1083-09-6', '4'),
(134, 'STS-135', 'C24H31FN2O', 'FIU_0266', 382.2, 383.2, 128, '1354631-26-7', '4'),
(135, 'RCS-8', 'C25H29NO2', 'FIU_0265', 375.2, 376.2, 123, '1345970-42-4', '4'),
(136, 'RCS-4-C4 homolog', 'C20H21NO2', 'FIU_0264', 307.2, 308.2, 103, '1345966-77-9', '4'),
(137, 'RCS-4', 'C21H23NO2', 'FIU_0263', 321.2, 322.2, 108, '1345966-78-0', '4'),
(138, 'Pyrovalerone', 'C16H23NO', 'FIU_0261', 245.2, 246.2, 98, '3563-49-3', '4'),
(139, 'Pravadoline', 'C23H26N2O3', 'FIU_0260', 378.19, 379.2, 103, '92623-83-1', '4'),
(140, 'Phenylpiperazine', 'C10H14N2', 'FIU_0259', 162.1, 163.1, 88, '92-54-6', '4'),
(141, 'Phenazepam', 'C15H10BrClN2O', 'FIU_0258', 347.97, 349, 108, '51753-57-2', '4'),
(142, 'Pentylone', 'C13H17NO3', 'FIU_0257', 235.12, 236.1, 60, '698963-77-8', '4'),
(143, 'Pentedrone', 'C12H17NO', 'FIU_0256', 191.1, 192.1, 75, '879722-57-3', '4'),
(144, 'Norsufentanil', 'C16H24N2O2', 'FIU_0255', 276.2, 277.2, 75, '61086-18-8', '4'),
(145, 'nor-Mephedrone', 'C10H13NO', 'FIU_0254', 163.1, 164.1, 292, '31952-47-3', '4'),
(146, 'Naphyrone', 'C19H23NO', 'FIU_0253', 281.2, 282.2, 103, '850352-53-3', '4'),
(147, 'Mitragynine', 'C23H30N2O4', 'FIU_0251', 398.2, 399.2, 133, '4098-40-2', '4'),
(148, 'Methylhexanamine (DMAA)', 'C7H17N', 'FIU_0249', 115.1, 116.1, 55, '105-41-9', '4'),
(149, 'Cannabipiperidiethanone', 'C24H28N2O2', 'FIU_0247', 376.2, 377.2, 103, '1345970-43-5', '4'),
(150, 'MXE-Methoxetamine', 'C15H21NO2', 'FIU_0246', 247.2, 248.2, 75, '1239908-48-5', '4'),
(151, 'Meconin', 'C10H10O4', 'FIU_0245', 194.1, 195.1, 80, '569-31-3', '4'),
(152, 'MDMA methylene homolog', 'C12H17NO2', 'FIU_0244', 207.1, 208.1, 267, '', '4'),
(153, 'MDAI', 'C10H11NO2', 'FIU_0243', 177.1, 178.1, 350, '132741-81-2', '4'),
(154, 'MDA-77', 'C21H23N3O3', 'FIU_0242', 365.2, 366.2, 65, '1103774-21-5', '4'),
(155, 'MDA-19', 'C21H23N3O2', 'FIU_0241', 349.2, 350.2, 55, '1048973-47-2', '4'),
(156, 'MAM-2201', 'C25H24FNO', 'FIU_0240', 373.2, 374.2, 123, '1354631-24-5', '4'),
(157, 'JZL 195', 'C24H23N3O5', 'FIU_0238', 433.2, 434.2, 98, '1210004-12-8', '4'),
(158, 'JWH-424', 'C24H22BrNO', 'FIU_0236', 419.1, 420.1, 133, '1366068-04-3', '4'),
(159, 'JWH-398', 'C24H22ClNO', 'FIU_0235', 375.1, 376.1, 128, '1292765-18-4', '4'),
(160, 'JWH-370', 'C27H27NO', 'FIU_0234', 381.2, 382.2, 98, '914458-22-3', '4'),
(161, 'JWH-369', 'C26H24ClNO', 'FIU_0233', 401.2, 402.2, 103, '914458-27-8', '4'),
(162, 'JWH-368', 'C26H24FNO', 'FIU_0232', 385.2, 386.2, 98, '914458-31-4', '4'),
(163, 'JWH-309', 'C30H27NO', 'FIU_0231', 417.2, 418.2, 108, '914458-42-7', '4'),
(164, 'JWH-307', 'C26H24FNO', 'FIU_0230', 385.2, 386.2, 103, '914458-26-7', '4'),
(165, 'JWH-302', 'C22H25NO2', 'FIU_0229', 335.2, 336.2, 98, '864445-45-4', '4'),
(166, 'JWH-251', 'C22H25NO', 'FIU_0228', 319.2, 320.2, 113, '864445-39-6', '4'),
(167, 'JWH-250', 'C22H25NO2', 'FIU_0227', 335.2, 336.2, 98, '864445-43-2', '4'),
(168, 'JWH-249', 'C21H22BrNO', 'FIU_0226', 383.1, 384.1, 118, '864445-60-3', '4'),
(169, 'JWH-210', 'C26H27NO', 'FIU_0225', 369.2, 370.2, 128, '824959-81-1', '4'),
(170, 'JWH-203', 'C21H22ClNO', 'FIU_0224', 339.1, 340.1, 113, '864445-54-5', '4'),
(171, 'JWH-201', 'C22H25NO2', 'FIU_0223', 335.2, 336.2, 108, '864445-47-6', '4'),
(172, 'JWH-200 (WIN-55225)', 'C25H24N2O2', 'FIU_0222', 384.2, 385.2, 113, '103610-04-4', '4'),
(173, 'JWH-182', 'C27H29NO', 'FIU_0221', 383.2, 384.2, 138, '824960-02-3', '4'),
(174, 'JWH-180', 'C25H25NO', 'FIU_0220', 355.2, 356.2, 133, '824959-87-7', '4'),
(175, 'JWH-175', 'C24H25N', 'FIU_0219', 327.2, 328.2, 95, '619294-35-8', '4'),
(176, 'JWH-147', 'C27H27NO', 'FIU_0218', 381.2, 382.2, 148, '914458-20-1', '4'),
(177, 'JWH-145', 'C26H25NO', 'FIU_0217', 367.2, 368.2, 118, '914458-19-8', '4'),
(178, 'JWH-122-N-(4-pentenyl)Analog', 'C25H23NO', 'FIU_0216', 353.2, 354.2, 133, '1445577-68-3', '4'),
(179, 'JWH-122', 'C25H25NO', 'FIU_0215', 355.2, 356.2, 143, '619294-47-2', '4'),
(180, 'JWH-098', 'C26H27NO2', 'FIU_0214', 385.2, 386.2, 123, '316189-74-9', '4'),
(181, 'JWH-081', 'C25H25NO2', 'FIU_0213', 371.2, 372.2, 128, '210179-46-7', '4'),
(182, 'JWH-073-4-methylnaphthyl analog', 'C24H23NO', 'FIU_0212', 341.2, 342.2, 138, '1354631-21-2', '4'),
(183, 'JWH-073-2-methylnaphthyl analog', 'C24H23NO', 'FIU_0211', 341.2, 342.2, 138, '1427325-61-8', '4'),
(184, 'JWH-073', 'C23H21NO', 'FIU_0210', 327.2, 328.2, 133, '208987-48-8', '4'),
(185, 'JWH-072', 'C22H19NO', 'FIU_0209', 313.1, 314.2, 123, '209414-06-2', '4'),
(186, 'JWH-031', 'C21H23NO', 'FIU_0208', 305.2, 306.2, 103, '162934-74-9', '4'),
(187, 'JWH-030', 'C20H21NO', 'FIU_0207', 291.2, 292.2, 90, '162934-73-8', '4'),
(188, 'JWH-022', 'C24H21NO', 'FIU_0206', 339.2, 340.2, 133, '209414-16-4', '4'),
(189, 'JWH-020', 'C26H27NO', 'FIU_0205', 369.2, 370.2, 133, '209414-09-5', '4'),
(190, 'JWH-019', 'C25H25NO', 'FIU_0204', 355.2, 356.2, 138, '209414-08-4', '4'),
(191, 'JWH-018 N-(5-chloropentyl) analog', 'C24H22ClNO', 'FIU_0203', 375.1, 376.1, 123, '1445578-56-2', '4'),
(192, 'JWH-018 N-(5-bromopentyl) analog', 'C24H22BrNO', 'FIU_0202', 419.1, 420.1, 123, '1445578-62-0', '4'),
(193, 'JWH-018 N-4-5-epoxypenty-lanalog', 'C24H21NO2', 'FIU_0201', 355.2, 356.2, 138, '', '4'),
(194, 'JWH-018 adamantyl carboxamide (2NE1)', 'C24H32N2O', 'FIU_0200', 364.3, 365.3, 148, '1345973-50-3', '4'),
(195, 'JWH-018 adamantyl analog', 'C24H31NO', 'FIU_0199', 349.2, 350.2, 138, '1345973-49-0', '4'),
(196, 'JWH-018 6-methoxyindole analog', 'C25H25NO2', 'FIU_0198', 371.2, 372.2, 123, '', '4'),
(197, 'JWH-018', 'C24H23NO', 'FIU_0197', 341.2, 342.2, 95, '209414-07-3', '4'),
(198, 'JWH-016', 'C24H23NO', 'FIU_0196', 341.2, 342.2, 123, '155471-09-3', '4'),
(199, 'JWH-015', 'C23H21NO', 'FIU_0195', 327.2, 328.2, 118, '155471-08-2', '4'),
(200, 'JWH-011', 'C27H29NO', 'FIU_0194', 383.2, 384.2, 128, '155471-13-9', '4'),
(201, 'JWH-007', 'C25H25NO', 'FIU_0193', 355.2, 356.2, 123, '155471-10-6', '4'),
(202, 'JP-104', 'C25H30N2O3', 'FIU_0192', 406.2, 407.2, 93, '887264-45-1', '4'),
(203, 'IMMA', 'C23H23ClN2O4', 'FIU_0191', 426.1, 427.1, 93, '2854-32-2', '4'),
(204, 'HU-211', 'C25H38O3', 'FIU_0188', 386.3, 387.3, 113, '112924-45-5', '4'),
(205, 'HU-210', 'C25H38O3', 'FIU_0187', 386.3, 387.3, 103, '112830-95-2', '4'),
(206, 'Harmaline', 'C13H14N2O', 'FIU_0186', 214.1, 215.1, 113, '304-21-2', '4'),
(207, 'Eutylone', 'C13H17NO3', 'FIU_0185', 235.12, 236.1, 65, '802855-66-9', '4'),
(208, 'Ethylcathinone', 'C11H15NO', 'FIU_0184', 177.1, 178.1, 312, '51553-17-4', '4'),
(209, 'Diethylcathinone', 'C13H19NO', 'FIU_0183', 205.15, 206.2, 80, '15351-09-4', '4'),
(210, 'Desoxypipradrol', 'C18H21N', 'FIU_0182', 251.17, 252.2, 98, '519-74-4', '4'),
(211, 'D2PM', 'C17H19NO', 'FIU_0181', 253.1, 254.1, 80, '112068-01-6', '4'),
(212, 'CB-86', 'C26H43NO3', 'FIU_0179', 417.3, 418.3, 118, '1150586-64-3', '4'),
(213, 'CB-25', 'C25H41NO3', 'FIU_0177', 403.3, 404.3, 108, '869376-63-6', '4'),
(214, 'CB-13', 'C26H24O2', 'FIU_0176', 368.2, 369.2, 108, '432047-72-8', '4'),
(215, '2C-P', 'C13H21NO2', 'FIU_0174', 223.2, 224.2, 133, '207740-22-5', '4'),
(216, 'Buphedrone', 'C11H15NO', 'FIU_0173', 177.1, 178.1, 287, '408332-79-6', '4'),
(217, 'bk-MDEA', 'C12H15NO3', 'FIU_0172', 221.1, 222.1, 249, '1454266-19-3', '4'),
(218, 'bk-MDDMA', 'C12H15NO3', 'FIU_0171', 221.1, 222.1, 340, '765231-58-1', '4'),
(219, 'bk-DMBDB', 'C13H17NO3', 'FIU_0170', 235.1, 236.1, 75, '802286-83-5', '4'),
(220, 'AM-694', 'C20H19FINO', 'FIU_0169', 435, 436.1, 128, '335161-03-0', '4'),
(221, 'AM-679', 'C20H20INO', 'FIU_0168', 417.1, 418.1, 123, '335160-91-3', '4'),
(222, 'AM-630', 'C23H25IN2O3', 'FIU_0167', 504.1, 505.1, 128, '164178-33-0', '4'),
(223, 'AM-251', 'C22H21Cl2IN4O', 'FIU_0166', 554, 555, 133, '183232-66-8', '4'),
(224, 'AM-2233', 'C22H23IN2O', 'FIU_0165', 458.1, 459.1, 123, '444912-75-8', '4'),
(225, 'AM-2232', 'C24H20N2O', 'FIU_0164', 352.2, 353.2, 118, '335161-19-8', '4'),
(226, 'AM-2201', 'C24H22FNO', 'FIU_0163', 359.2, 360.2, 138, '335161-24-5', '4'),
(227, 'AM-1248', 'C26H34N2O', 'FIU_0162', 390.3, 391.3, 138, '335160-66-2', '4'),
(228, 'AM-1241', 'C22H22IN3O3', 'FIU_0161', 503.1, 504.1, 133, '444912-48-5', '4'),
(229, 'AM-1235', 'C24H21FN2O3', 'FIU_0160', 404.2, 405.2, 123, '335161-27-8', '4'),
(230, 'AM-1220', 'C26H26N2O', 'FIU_0159', 382.2, 383.2, 108, '137642-54-7', '4'),
(231, 'AKB48 (APINACA)', 'C23H31N3O', 'FIU_0158', 365.2, 366.3, 103, '1345973-53-6', '4'),
(232, '9-Octadecenamide', 'C18H35NO', 'FIU_0157', 281.3, 282.3, 277, '301-02-0', '4'),
(233, '5-MeO-MiPT', 'C15H22N2O', 'FIU_0156', 246.2, 247.2, 65, '96096-55-8', '4'),
(234, '2C-N', 'C10H14N2O4', 'FIU_0155', 226.1, 227.1, 380, '261789-00-8', '4'),
(235, '5-MeO-DALT', 'C17H22N2O', 'FIU_0154', 270.2, 271.2, 65, '928822-98-4', '4'),
(236, '5-IAI', 'C9H10IN', 'FIU_0153', 259, 260, 365, '132367-76-1', '4'),
(237, '5-APB', 'C11H13NO', 'FIU_0152', 175.1, 176.1, 0, '286834-81-9', ''),
(238, '4Q3C CB2 Ligand', 'C26H34N2O3', 'FIU_0151', 422.3, 423.3, 0, '1314230-69-7', ''),
(239, '4-MePPP', 'C14H19NO', 'FIU_0150', 217.1, 218.2, 0, '28117-80-8', ''),
(240, '4-methyl-pyrrolidinohexanophenone', 'C17H25NO', 'FIU_0149', 259.19, 260.2, 93, '34138-58-4', '4'),
(241, '4-MPBP', 'C15H21NO', 'FIU_0148', 231.2, 232.2, 80, '732180-91-5', '4'),
(242, '2C-H', 'C10H15NO2', 'FIU_0147', 181.1, 182.1, 133, '3600-86-0', ''),
(243, '2C-T-2', 'C12H19NO2S', 'FIU_0146', 241.1, 242.1, 128, '207740-24-7', '4'),
(244, '4-MeOPPP', 'C14H19NO2', 'FIU_0145', 233.1, 234.1, 93, '478243-09-3', ''),
(245, '4-MeO-DMT', 'C13H18N2O', 'FIU_0144', 218.1, 219.1, 375, '3965-97-7', '4'),
(246, '2C-C', 'C10H14ClNO2', 'FIU_0143', 215.1, 216.1, 370, '88441-15-0', '4'),
(247, '4-FMA', 'C10H14FN', 'FIU_0142', 167.1, 168.1, 239, '351-03-1', '4'),
(248, '4-FEC', 'C11H14FNO', 'FIU_0140', 195.1, 196.1, 307, '1225625-74-0', '4'),
(249, '4-FA', 'C9H12FN', 'FIU_0139', 153.1, 154.1, 360, '459-02-9', '4'),
(250, '4-Ethyl-N-N-Dimethylcathinone', 'C13H19NO', 'FIU_0138', 205.1, 206.1, 80, '1157738-27-6', '4'),
(251, '4-EMC', 'C12H17NO', 'FIU_0137', 191.1, 192.1, 285, '1225622-14-9', '4'),
(252, '4-EEC', 'C13H19NO', 'FIU_0136', 205.1, 206.2, 320, '1225619-32-8', '4'),
(253, '3-MPBP', 'C15H21NO', 'FIU_0135', 231.2, 232.2, 98, '', '4'),
(254, '3-MMC', 'C11H15NO', 'FIU_0134', 177.1, 178.1, 285, '1246911-86-3', '4'),
(255, '3-MEC', 'C12H17NO', 'FIU_0133', 191.1, 192.1, 315, '', '4'),
(256, '3-MeOMC', 'C11H15NO2', 'FIU_0132', 193.1, 194.1, 280, '882302-56-9', '4'),
(257, '3-FMC', 'C10H12FNO', 'FIU_0131', 181.1, 182.1, 257, '1049677-77-1', '4'),
(258, '3-FMA', 'C10H14FN', 'FIU_0130', 167.1, 168.1, 272, '1182818-14-9', '4'),
(259, '3-FEC', 'C11H14FNO', 'FIU_0129', 195.1, 196.1, 310, '', '4'),
(260, '3-FA', 'C9H12FN', 'FIU_0128', 153.1, 154.1, 320, '1626-71-7', '4'),
(261, '3-EMC', 'C12H17NO', 'FIU_0127', 191.1, 192.1, 285, '', '4'),
(262, '3-EEC', 'C13H19NO', 'FIU_0126', 205.1, 206.2, 75, '', '4'),
(263, 'MDPPP', 'C14H17NO3', 'FIU_0125', 247.1, 248.1, 108, '783241-66-7', ''),
(264, 'MDPBP', 'C15H19NO3', 'FIU_0124', 261.1, 262.1, 108, '784985-33-7', '4'),
(265, '3-4-DMMC', 'C12H17NO', 'FIU_0123', 191.1, 192.1, 310, '1082110-00-6', '4'),
(266, '3-4-DMMA', 'C12H19NO2', 'FIU_0122', 209.1, 210.1, 310, '33236-61-2', '4'),
(267, '2-MPBP', 'C15H21NO', 'FIU_0121', 231.2, 232.2, 103, '', '4'),
(268, '2-MMC', 'C11H15NO', 'FIU_0120', 177.1, 178.1, 280, '1246911-71-6', '4'),
(269, '2-MEC', 'C12H17NO', 'FIU_0119', 191.1, 192.1, 320, '', '4'),
(270, '2-MeOMC', 'C11H15NO2', 'FIU_0118', 193.1, 194.1, 320, '882302-55-8', '4'),
(271, '2-FMC', 'C10H12FNO', 'FIU_0117', 181.1, 182.1, 295, '1186137-35-8', '4'),
(272, '2-FMA', 'C10H14FN', 'FIU_0116', 167.1, 168.1, 275, '1017176-48-5', '4'),
(273, '2-FA', 'C9H12FN', 'FIU_0114', 153.1, 154.1, 93, '1716-60-5', '4'),
(274, '2-EMC', 'C12H17NO', 'FIU_0113', 191.1, 192.1, 60, '', '4'),
(275, '2-EEC', 'C13H19NO', 'FIU_0112', 205.1, 206.2, 305, '', '4'),
(276, '2-AI', 'C9H11N', 'FIU_0111', 133.1, 134.1, 320, '2975-41-9', '4'),
(277, '25I-NBOMe', 'C18H22INO3', 'FIU_0110', 427.1, 428.1, 93, '919797-19-6', '4'),
(278, '2-3-MDMC', 'C11H13NO3', 'FIU_0109', 207.1, 208.1, 315, '', '4'),
(279, '2-3-MDPV', 'C16H21NO3', 'FIU_0108', 275.2, 276.2, 98, '', '4'),
(280, '1-NaphthoylIndole', 'C19H13NO', 'FIU_0107', 271.1, 272.1, 103, '109555-87-5', '4'),
(281, 'DBZP - Dibenzylpiperazine', 'C18H22N2', 'FIU_0106', 266.2, 267.2, 98, '1034-11-3', '4'),
(282, '4-FPP - 1-(4-Fluorophenyl)piperazine', 'C10H13FN2', 'FIU_0105', 180.1, 181.1, 335, '2252-63-3', '4'),
(283, '2C-D', 'C11H17NO2', 'FIU_0104', 195.1, 196.1, 189, '24333-19-5', '4'),
(284, '1-4-Fluorobenzylpiperazine', 'C11H15FN2', 'FIU_0103', 194.1, 195.1, 320, '70931-28-1', '4'),
(285, 'Desoxy-D2PM - (S)-2-Diphenylmethylpyrrolidine HCl', 'C17H19N', 'FIU_0102', 237.15, 238.2, 93, '383127-45-5', '4'),
(286, 'WIN-55212 mesylate', 'C27H26N2O3', 'FIU_0101', 426.2, 427.2, 123, '131543-23-2', '4'),
(287, 'THC-COOH-1-Nor-9-Carboxy-THC', 'C21H28O4', 'FIU_0089', 344.2, 345.2, 93, '64280-14-4', '4'),
(288, 'RCS-8 4-methoxy isomer', 'C25H29NO2', 'FIU_0088', 375.2, 376.2, 146, '1427326-10-0', '4'),
(289, 'RCS-8 3-methoxy isomer', 'C25H29NO2', 'FIU_0087', 375.2, 376.2, 141, '1427326-08-6', '4'),
(290, 'RCS-4 3-methoxy isomer', 'C21H23NO2', 'FIU_0086', 321.2, 322.2, 118, '1379922-51-6', '4'),
(291, 'RCS-4 2-methoxy isomer', 'C21H23NO2', 'FIU_0085', 321.2, 322.2, 103, '1345966-76-8', '4'),
(292, 'Naphyrone 1-naphthyl isomer', 'C19H23NO', 'FIU_0084', 281.2, 282.2, 113, '1349245-31-3', '4'),
(293, 'JWH-398 8-chloronaphthyl isomer', 'C24H22ClNO', 'FIU_0083', 375.1, 376.1, 131, '1366067-88-0', '4'),
(294, 'JWH-398 7-chloronaphthyl isomer', 'C24H22ClNO', 'FIU_0082', 375.1, 376.1, 128, '1391051-95-8', '4'),
(295, 'JWH-398 6-chloronaphthyl isomer', 'C24H22ClNO', 'FIU_0081', 375.1, 376.1, 128, '', '4'),
(296, 'JWH-398 5-chloronaphthyl isomer', 'C24H22ClNO', 'FIU_0080', 375.1, 376.1, 128, '1427325-89-0', '4'),
(297, 'JWH-398 3-chloronaphthyl isomer', 'C24H22ClNO', 'FIU_0079', 375.1, 376.1, 128, '', '4'),
(298, 'JWH-398 2-chloronaphthyl isomer', 'C24H22ClNO', 'FIU_0078', 375.1, 376.1, 0, '1391054-25-3', ''),
(299, 'JWH-251 4-methylphenyl isomer (JWH-208)', 'C22H25NO', 'FIU_0077', 319.2, 320.2, 118, '864445-41-0', '4'),
(300, 'JWH-251 3-methylphenyl isomer', 'C22H25NO', 'FIU_0076', 319.2, 320.2, 113, '1427325-88-9', '4'),
(301, 'JWH-210 8-ethylnaphthyl isomer', 'C26H27NO', 'FIU_0075', 369.2, 370.2, 123, '', '4'),
(302, 'JWH-210 7-ethylnaphthyl isomer (JWH-234)', 'C26H27NO', 'FIU_0074', 369.2, 370.2, 128, '824960-64-7', '4'),
(303, 'JWH-210 6-ethylnaphthyl isomer', 'C26H27NO', 'FIU_0073', 369.2, 370.2, 128, '', '7'),
(304, 'JWH-210 5-ethylnaphthyl isomer', 'C26H27NO', 'FIU_0072', 369.2, 370.2, 123, '1632469-94-3', '7'),
(305, 'JWH-210 3-ethylnaphthyl isomer', 'C26H27NO', 'FIU_0071', 369.2, 370.2, 123, '1547339-60-5', '7'),
(306, 'JWH-210 2-ethylnaphthyl isomer', 'C26H27NO', 'FIU_0070', 369.2, 370.2, 123, '1427325-79-8', '7'),
(307, 'JWH-203 4-chlorophenyl isomer (JWH-206)', 'C21H22ClNO', 'FIU_0069', 339.1, 340.1, 118, '864445-58-9', '7'),
(308, 'JWH-203 3-chlorophenyl isomer (JWH-237)', 'C21H22ClNO', 'FIU_0068', 339.1, 340.1, 123, '864445-56-7', '7'),
(309, 'JWH-200 2-naphthyl isomer', 'C25H24N2O2', 'FIU_0067', 384.2, 385.2, 123, '133438-66-1', '7'),
(310, 'JWH-122 8-methylnaphthyl isomer', 'C25H25NO', 'FIU_0066', 355.2, 356.2, 128, '', '7'),
(311, 'JWH-122 7-methylnaphthyl isomer', 'C25H25NO', 'FIU_0065', 355.2, 356.2, 123, '824960-56-7', '7'),
(312, 'JWH-122 6-methylnaphthyl isomer', 'C25H25NO', 'FIU_0064', 355.2, 356.2, 128, '1427325-68-5', '7'),
(313, 'JWH-122 5-methylnaphthyl isomer', 'C25H25NO', 'FIU_0063', 355.2, 356.2, 123, '1391052-02-0', '7'),
(314, 'JWH-122 3-methylnaphthyl isomer', 'C25H25NO', 'FIU_0062', 355.2, 356.2, 128, '1391052-25-7', '7'),
(315, 'JWH-122 2-methylnaphthyl isomer', 'C25H25NO', 'FIU_0061', 355.2, 356.2, 158, '1427325-69-6', '7'),
(316, 'JWH-081 8-methoxynaphthyl isomer', 'C25H25NO2', 'FIU_0060', 371.2, 372.2, 118, '1349837-48-4', '7'),
(317, 'JWH-081 7-methoxynaphthyl isomer', 'C25H25NO2', 'FIU_0059', 371.2, 372.2, 113, '824961-61-7', '7'),
(318, 'JWH-081 6-methoxynaphthyl isomer', 'C25H25NO2', 'FIU_0058', 371.2, 372.2, 118, '824961-41-3', '7'),
(319, 'JWH-081 5-methoxynaphthyl isomer', 'C25H25NO2', 'FIU_0057', 371.2, 372.2, 128, '1427325-65-2', '7'),
(320, 'JWH-081 3-methoxynaphthyl isomer', 'C25H25NO2', 'FIU_0056', 371.2, 372.2, 128, '', '7'),
(321, 'JWH-081 2-methoxynaphthyl isomer (JWH-267)', 'C25H25NO2', 'FIU_0055', 371.2, 372.2, 118, '824960-76-1', '7'),
(322, 'JWH-073 N-(2-methylpropyl) isomer', 'C23H21NO', 'FIU_0054', 327.2, 328.2, 118, '1528793-12-5', '7'),
(323, 'JWH-073 N-(1-methylpropyl) isomer', 'C23H21NO', 'FIU_0053', 327.2, 328.2, 113, '', '7'),
(324, 'JWH-073 N-(1,1-dimethylethyl) isomer', 'C23H21NO', 'FIU_0052', 327.2, 328.2, 108, '', '7'),
(325, 'JWH-073 2-naphthyl-N-(2-methylpropyl) isomer', 'C23H21NO', 'FIU_0051', 327.2, 328.2, 128, '', '7'),
(326, 'JWH-073 2-naphthyl-N-(1-methylpropyl) isomer', 'C23H21NO', 'FIU_0050', 327.2, 328.2, 128, '', '7'),
(327, 'JWH-073 2-naphthyl-N-(1,1-dimethylethyl) isomer', 'C23H21NO', 'FIU_0049', 327.2, 328.2, 108, '', '7'),
(328, 'JWH-073 2-naphthyl isomer', 'C23H21NO', 'FIU_0048', 327.2, 328.2, 123, '', '7'),
(329, 'JWH-018 N-(3-methylbutyl) isomer', 'C24H23NO', 'FIU_0047', 341.2, 342.2, 128, '1346604-93-0', '7'),
(330, 'JWH-018 N-(2-methylbutyl) isomer', 'C24H23NO', 'FIU_0046', 341.2, 342.2, 118, '1427325-50-5', '7'),
(331, 'JWH-018 N-(2,2-dimethylpropyl) isomer', 'C24H23NO', 'FIU_0045', 341.2, 342.2, 123, '1427325-47-0', '7'),
(332, 'JWH-018 N-(1-methylbutyl) isomer', 'C24H23NO', 'FIU_0044', 341.2, 342.2, 118, '1427325-45-8', '7'),
(333, 'JWH-018 N-(1-ethylpropyl) isomer', 'C24H23NO', 'FIU_0043', 341.2, 342.2, 123, '', '7'),
(334, 'JWH-018 N-(1,2-dimethylpropyl) isomer', 'C24H23NO', 'FIU_0042', 341.2, 342.2, 113, '1427325-40-3', '7'),
(335, 'JWH-018 N-(1,1-dimethylpropyl) isomer', 'C24H23NO', 'FIU_0041', 341.2, 342.2, 103, '1358118-35-0', '7'),
(336, 'JWH-018 2-naphthyl-N-(3-methylbutyl) isomer', 'C24H23NO', 'FIU_0040', 341.2, 342.2, 123, '', '7'),
(337, 'JWH-018 2-naphthyl-N-(2-methylbutyl) isomer', 'C24H23NO', 'FIU_0039', 341.2, 342.2, 128, '', '7'),
(338, 'JWH-018 2-naphthyl-N-(2,2-dimethylpropyl) isomer', 'C24H23NO', 'FIU_0038', 341.2, 342.2, 128, '', '7'),
(339, 'JWH-018 2-naphthyl-N-(1-methylbutyl) isomer', 'C24H23NO', 'FIU_0037', 341.2, 342.2, 113, '', '7'),
(340, 'JWH-018 2-naphthyl-N-(1,2-dimethylpropyl) isomer', 'C24H23NO', 'FIU_0036', 341.2, 342.2, 118, '', '7'),
(341, 'JWH-018 2-naphthyl-N-(1,1-dimethylpropyl) isomer', 'C24H23NO', 'FIU_0035', 341.2, 342.2, 113, '', '7'),
(342, 'JWH-018 2-naphthyl isomer', 'C24H23NO', 'FIU_0034', 341.2, 342.2, 123, '1131605-25-8', '7'),
(343, 'JWH-018 2''-naphthyl-N-(1-ethylpropyl)', 'C24H23NO', 'FIU_0033', 341.2, 342.2, 113, '', '7'),
(344, 'AM-694 4-iodo isomer', 'C20H19FINO', 'FIU_0032', 435, 436.1, 128, '1427325-92-5', '7'),
(345, 'AM-694 3-iodo isomer', 'C20H19FINO', 'FIU_0031', 435, 436.1, 123, '1427325-91-4', '7'),
(346, 'AM-2201 N-(4-fluoropentyl) isomer', 'C24H22FNO', 'FIU_0030', 359.2, 360.2, 118, '1427325-95-8', '7'),
(347, 'AM-2201 N-(3-fluoropentyl) isomer', 'C24H22FNO', 'FIU_0029', 359.2, 360.2, 128, '', '7'),
(348, 'AM-2201 N-(2-fluoropentyl) isomer', 'C24H22FNO', 'FIU_0028', 359.2, 360.2, 128, '', '7'),
(349, 'AM-2201 2-naphthyl isomer', 'C24H22FNO', 'FIU_0027', 359.2, 360.2, 128, '', '7'),
(350, '23-Pentylone Isomer', 'C13H17NO3', 'FIU_0026', 235.1, 236.1, 83, '', '7'),
(351, '2C-I - 2,5-Dimethoxy-4-iodophenethylamine', 'C10H14INO2', 'FIU_0025', 307, 308, 320, '69587-11-7', '7'),
(352, 'MDPV', 'C16H21NO3', 'FIU_0024', 275.2, 276.2, 80, '687603-66-3', '4'),
(353, '5-MeO-DiPT (FOXY)', 'C17H26N2O', 'FIU_0023', 274.2, 275.2, 80, '4021-34-5', '7'),
(354, 'DOB - Dimethoxybromoamphetamine', 'C11H16BrNO2', 'FIU_0022', 273, 274, 60, '64638-07-9', '4'),
(355, '2C-B (BDMPEA)', 'C10H14BrNO2', 'FIU_0021', 259, 260, 65, '66142-81-2', '7'),
(356, '2C-T-4 - 2,5-Dimethoxy-4-isopropylthiophenethylamine', 'C13H21NO2S', 'FIU_0020', 255.1, 256.1, 315, '207740-25-8', '7'),
(357, '2CT7', 'C13H21NO2S', 'FIU_0019', 255.1, 256.1, 70, '207740-26-9', '4'),
(358, 'TFMPP', 'C11H13F3N2', 'FIU_0018', 230.1, 231.1, 123, '15532-75-9', '7'),
(359, 'Butylone', 'C12H15NO3', 'FIU_0016', 221.11, 222.1, 315, '802575-11-7', '7'),
(360, '5-MeO-DMT', 'C13H18N2O', 'FIU_0015', 218.1, 219.1, 60, '1019-45-0', '7'),
(361, '2C-E', 'C12H19NO2', 'FIU_0014', 209.1, 210.1, 310, '71539-34-9', '4'),
(362, 'DOM', 'C12H19NO2', 'FIU_0013', 209.1, 210.1, 280, '18539-33-8', '7'),
(363, 'Methylone', 'C11H13NO3', 'FIU_0012', 207.09, 208.1, 270, '186028-79-5', '4'),
(364, 'mCPP', 'C10H13ClN2', 'FIU_0011', 196.1, 197.1, 103, '6640-24-0', '7'),
(365, 'Methedrone', 'C11H15NO2', 'FIU_0010', 193.1, 194.1, 320, '530-54-1', '7'),
(366, '4-MEC', 'C12H17NO', 'FIU_0009', 191.1, 192.1, 75, '1225617-18-4', '7'),
(367, 'DMT', 'C12H16N2', 'FIU_0008', 188.13, 189.1, 55, '61-50-7', '7'),
(368, 'Flephedrone', 'C10H12FNO', 'FIU_0007', 181.1, 182.1, 295, '7589-35-7', '7'),
(369, '4-MMC', 'C11H15NO', 'FIU_0006', 177.1, 178.1, 305, '1189805-46-6', '7'),
(370, 'BZP', 'C11H16N2', 'FIU_0005', 176.1, 177.1, 80, '110475-31-5', '7'),
(371, 'AMT', 'C11H14N2', 'FIU_0004', 174.12, 175.1, 121, '299-26-3', '4'),
(372, 'Ethylamphetamine', 'C11H17N', 'FIU_0003', 163.14, 164.1, 88, '457-87-4', '7'),
(373, 'Cathinone', 'C9H11NO', 'FIU_0001', 149.1, 150.1, 123, '71031-15-7', '7');

-- --------------------------------------------------------

--
-- Table structure for table `messages`
--

CREATE TABLE IF NOT EXISTS `messages` (
  `mid` int(11) NOT NULL AUTO_INCREMENT,
  `mfrom` varchar(50) NOT NULL,
  `mto` varchar(50) NOT NULL,
  `msubject` varchar(150) NOT NULL,
  `mtext` varchar(400) NOT NULL,
  `mread` smallint(6) NOT NULL DEFAULT '0',
  PRIMARY KEY (`mid`)
) ENGINE=InnoDB  DEFAULT CHARSET=latin1 AUTO_INCREMENT=7 ;

--
-- Dumping data for table `messages`
--

INSERT INTO `messages` (`mid`, `mfrom`, `mto`, `msubject`, `mtext`, `mread`) VALUES
(1, 'carlos@gmail.com', 'admin', 'Test', 'dsfejbdsvjsdfb', 1),
(5, 'fgdf', 'admin', 'sdfdsfs', 'sdfsdsdf', 1),
(6, 'lalal', 'admin', 'lalala', 'ddvdv', 0);

-- --------------------------------------------------------

--
-- Table structure for table `role`
--

CREATE TABLE IF NOT EXISTS `role` (
  `rid` int(11) NOT NULL AUTO_INCREMENT,
  `role` varchar(50) NOT NULL,
  `description` varchar(200) NOT NULL,
  PRIMARY KEY (`rid`)
) ENGINE=InnoDB  DEFAULT CHARSET=latin1 AUTO_INCREMENT=3 ;

--
-- Dumping data for table `role`
--

INSERT INTO `role` (`rid`, `role`, `description`) VALUES
(1, 'admin', 'do everything in the system'),
(2, 'labOP', 'add, modify compounds');

-- --------------------------------------------------------

--
-- Table structure for table `transition`
--

CREATE TABLE IF NOT EXISTS `transition` (
  `tid` int(11) NOT NULL AUTO_INCREMENT,
  `cid` int(11) NOT NULL,
  `tProduct` double NOT NULL,
  `tCE` int(11) NOT NULL,
  `tAbundance` int(11) NOT NULL,
  `tRIInt` double NOT NULL,
  PRIMARY KEY (`tid`),
  KEY `cid` (`cid`)
) ENGINE=InnoDB  DEFAULT CHARSET=latin1 AUTO_INCREMENT=6188 ;

--
-- Dumping data for table `transition`
--

INSERT INTO `transition` (`tid`, `cid`, `tProduct`, `tCE`, `tAbundance`, `tRIInt`) VALUES
(4682, 122, 105.1, 24, 20036, 100),
(4683, 122, 98.1, 24, 13947, 70),
(4684, 122, 133.1, 16, 8939, 45),
(4685, 122, 77, 48, 10752, 54),
(4686, 122, 70.1, 16, 4184, 21),
(4687, 122, 79.1, 44, 4103, 20),
(4688, 122, 56, 44, 4589, 23),
(4689, 122, 103.1, 36, 2392, 12),
(4690, 122, 84.1, 32, 1561, 8),
(4691, 123, 91.1, 20, 41170, 100),
(4692, 123, 77.1, 56, 18602, 45),
(4693, 123, 126.1, 24, 13249, 32),
(4694, 123, 105.1, 28, 10850, 26),
(4695, 124, 91.1, 24, 26692, 100),
(4696, 124, 77, 48, 11019, 41),
(4697, 124, 147.1, 16, 7888, 30),
(4698, 124, 112.1, 24, 8197, 31),
(4699, 124, 105, 32, 5291, 20),
(4700, 124, 70.1, 20, 4888, 18),
(4701, 124, 84.1, 32, 4059, 15),
(4702, 124, 119.1, 16, 3712, 14),
(4703, 124, 189.1, 20, 1581, 6),
(4704, 125, 125.1, 24, 33827, 100),
(4705, 125, 232.1, 24, 11289, 33),
(4706, 125, 55.1, 44, 16817, 50),
(4707, 125, 144, 44, 7650, 23),
(4708, 125, 312.2, 16, 4415, 13),
(4709, 125, 57.1, 48, 8341, 25),
(4710, 125, 97.1, 32, 6474, 19),
(4711, 125, 69.1, 36, 5414, 16),
(4712, 125, 83, 24, 4867, 14),
(4713, 126, 135, 20, 43989, 100),
(4714, 126, 114.1, 44, 7388, 17),
(4715, 126, 77, 56, 4519, 10),
(4716, 126, 107, 56, 5134, 12),
(4717, 127, 230.1, 10, 17229, 96),
(4718, 127, 213.1, 24, 17888, 100),
(4719, 127, 141.1, 56, 3973, 22),
(4720, 127, 185.1, 40, 2652, 15),
(4721, 127, 157.1, 48, 3052, 17),
(4722, 127, 169.1, 36, 1887, 11),
(4723, 127, 187.1, 24, 3153, 18),
(4724, 127, 129.1, 48, 1591, 9),
(4725, 127, 338.1, 4, 1711, 10),
(4726, 128, 160, 20, 25698, 100),
(4727, 128, 104, 36, 11379, 44),
(4728, 128, 77, 48, 13317, 52),
(4729, 128, 106.1, 36, 1477, 6),
(4730, 128, 79.1, 48, 1708, 7),
(4731, 128, 249.1, 20, 5714, 22),
(4732, 129, 214.1, 4, 68874, 100),
(4733, 129, 170.1, 16, 32214, 47),
(4734, 129, 153.1, 36, 20341, 30),
(4735, 129, 196.1, 20, 17617, 26),
(4736, 129, 152.1, 52, 19326, 28),
(4737, 129, 168.1, 28, 15337, 22),
(4738, 129, 141.1, 44, 6522, 9),
(4739, 129, 151.1, 56, 3947, 6),
(4740, 129, 55.1, 48, 2311, 3),
(4741, 130, 214.1, 8, 28158, 100),
(4742, 130, 197.1, 20, 17268, 61),
(4743, 130, 153.1, 40, 8887, 32),
(4744, 130, 171.1, 24, 7242, 26),
(4745, 130, 141.1, 48, 3469, 12),
(4746, 130, 152.1, 56, 7190, 26),
(4747, 130, 169.1, 36, 2296, 8),
(4748, 131, 105, 28, 150748, 100),
(4749, 131, 296.1, 20, 35038, 23),
(4750, 131, 171.1, 44, 43335, 29),
(4751, 131, 77, 56, 85292, 57),
(4752, 131, 125, 52, 31842, 21),
(4753, 131, 276.1, 20, 29783, 20),
(4754, 131, 198.1, 36, 10276, 7),
(4755, 132, 125.1, 20, 175405, 100),
(4756, 132, 214.1, 20, 64655, 37),
(4757, 132, 55.1, 40, 88887, 51),
(4758, 132, 144, 40, 39303, 22),
(4759, 132, 294.2, 16, 19837, 11),
(4760, 132, 57.1, 40, 43968, 25),
(4761, 132, 97.1, 32, 33539, 19),
(4762, 132, 83, 24, 25177, 14),
(4763, 132, 69.1, 40, 25854, 15),
(4764, 133, 209.1, 4, 134274, 100),
(4765, 133, 194.1, 16, 22982, 17),
(4766, 133, 181.1, 16, 22151, 16),
(4767, 133, 179.1, 24, 22983, 17),
(4768, 133, 91.1, 48, 11801, 9),
(4769, 133, 178.1, 20, 9857, 7),
(4770, 133, 151.1, 28, 15200, 11),
(4771, 133, 123, 36, 7322, 5),
(4772, 133, 121.1, 36, 7824, 6),
(4773, 133, 103.1, 52, 6719, 5),
(4774, 134, 135.1, 32, 280142, 100),
(4775, 134, 93.1, 48, 47566, 17),
(4776, 134, 107.1, 48, 34442, 12),
(4777, 134, 232.1, 24, 33339, 12),
(4778, 134, 79.1, 48, 36348, 13),
(4779, 135, 121.1, 24, 208274, 100),
(4780, 135, 91.1, 48, 97444, 47),
(4781, 135, 144.1, 36, 30577, 15),
(4782, 135, 93.1, 44, 18808, 9),
(4783, 135, 228.2, 16, 12139, 6),
(4784, 136, 135, 20, 193544, 100),
(4785, 136, 77, 48, 70580, 36),
(4786, 136, 107, 40, 29815, 15),
(4787, 136, 200.1, 20, 8169, 4),
(4788, 136, 92, 48, 16682, 9),
(4789, 136, 144, 36, 6546, 3),
(4790, 137, 135, 20, 101552, 100),
(4791, 137, 77, 48, 33341, 33),
(4792, 137, 107, 44, 15733, 15),
(4793, 137, 92, 48, 7360, 7),
(4794, 137, 214.1, 20, 4171, 4),
(4795, 137, 144, 40, 3178, 3),
(4796, 138, 105.1, 20, 54974, 100),
(4797, 138, 175.1, 12, 34164, 62),
(4798, 138, 91.1, 44, 20451, 37),
(4799, 138, 126.1, 32, 16682, 30),
(4800, 138, 119, 28, 16075, 29),
(4801, 138, 84.1, 32, 8640, 16),
(4802, 138, 133.1, 20, 3590, 7),
(4803, 138, 70.1, 16, 4191, 8),
(4804, 138, 72.1, 20, 4781, 9),
(4805, 139, 135, 16, 153132, 100),
(4806, 139, 77.1, 60, 30169, 20),
(4807, 139, 114.1, 36, 21215, 14),
(4808, 139, 107.1, 48, 13209, 9),
(4809, 140, 120.1, 20, 164504, 100),
(4810, 140, 77, 44, 83180, 51),
(4811, 140, 118.1, 28, 33813, 21),
(4812, 140, 44, 24, 29927, 18),
(4813, 140, 91.1, 40, 15216, 9),
(4814, 140, 51, 56, 48384, 29),
(4815, 141, 206, 36, 10556, 90),
(4816, 141, 179, 60, 10243, 87),
(4817, 141, 184, 32, 11783, 100),
(4818, 141, 105, 60, 7281, 62),
(4819, 142, 187.9, 16, 683496, 100),
(4820, 142, 143.9, 48, 11533, 2),
(4821, 143, 174.1, 10, 511317, 100),
(4822, 143, 132.1, 16, 299423, 59),
(4823, 143, 91.1, 24, 225443, 44),
(4824, 143, 131.1, 24, 134548, 26),
(4825, 143, 161.1, 10, 132655, 26),
(4826, 143, 130.1, 40, 98311, 19),
(4827, 143, 77, 52, 126692, 25),
(4828, 143, 144.1, 36, 91930, 18),
(4829, 143, 117.1, 32, 76397, 15),
(4830, 144, 96.1, 24, 291357, 100),
(4831, 144, 128.1, 10, 227692, 78),
(4832, 144, 245.2, 8, 53094, 18),
(4833, 144, 184.1, 8, 31423, 11),
(4834, 144, 67.1, 44, 51187, 18),
(4835, 144, 94.1, 40, 26286, 9),
(4836, 144, 81.1, 52, 31480, 11),
(4837, 144, 79.1, 40, 23571, 8),
(4838, 144, 150.1, 20, 15997, 5),
(4839, 145, 146.1, 8, 373720, 100),
(4840, 145, 130.1, 36, 168901, 45),
(4841, 145, 131.1, 20, 208924, 56),
(4842, 145, 119.1, 16, 53782, 14),
(4843, 145, 91.1, 36, 38138, 10),
(4844, 145, 147.1, 8, 53466, 14),
(4845, 145, 77, 52, 58655, 16),
(4846, 145, 103.1, 44, 18723, 5),
(4847, 145, 65, 52, 22129, 6),
(4848, 146, 141.1, 24, 81574, 100),
(4849, 146, 211.1, 16, 41244, 51),
(4850, 146, 126.1, 32, 27617, 34),
(4851, 146, 127.1, 48, 29530, 36),
(4852, 146, 155, 32, 16428, 20),
(4853, 146, 84.1, 44, 10957, 13),
(4854, 146, 70.1, 16, 6918, 8),
(4855, 146, 169.1, 20, 5595, 7),
(4856, 147, 174.1, 32, 91930, 100),
(4857, 147, 226.1, 20, 37853, 41),
(4858, 147, 367.2, 16, 13170, 14),
(4859, 147, 238.1, 24, 34812, 38),
(4860, 147, 159.1, 48, 34898, 38),
(4861, 147, 110.1, 36, 23458, 26),
(4862, 148, 57.1, 10, 95632, 100),
(4863, 148, 41, 24, 20744, 22),
(4864, 148, 43.1, 20, 9232, 10),
(4865, 148, 39, 56, 9162, 10),
(4866, 149, 112.1, 20, 40416, 100),
(4867, 149, 98.1, 40, 24799, 61),
(4868, 149, 121.1, 24, 22794, 56),
(4869, 149, 229.2, 16, 9402, 23),
(4870, 149, 91.1, 48, 12204, 30),
(4871, 149, 58.1, 48, 7914, 20),
(4872, 149, 280.1, 16, 3558, 9),
(4873, 150, 203.1, 12, 1320908, 100),
(4874, 150, 121.1, 32, 1031440, 78),
(4875, 150, 175.1, 16, 668243, 51),
(4876, 150, 91.1, 52, 448868, 34),
(4877, 150, 46.1, 10, 330774, 25),
(4878, 150, 67.1, 24, 299238, 23),
(4879, 150, 77, 52, 200575, 15),
(4880, 150, 159.1, 24, 121944, 9),
(4881, 150, 185.1, 20, 61205, 5),
(4882, 151, 151, 24, 155, 0),
(4883, 151, 77.1, 48, 47473, 64),
(4884, 151, 180, 16, 73834, 100),
(4885, 151, 162, 20, 34999, 47),
(4886, 151, 51.1, 60, 21446, 29),
(4887, 152, 135, 16, 359027, 100),
(4888, 152, 77, 48, 186010, 52),
(4889, 152, 177.1, 14, 50548, 14),
(4890, 152, 147.1, 16, 60095, 17),
(4891, 152, 91.1, 36, 40720, 11),
(4892, 152, 79.1, 36, 42160, 12),
(4893, 152, 119.1, 24, 33132, 9),
(4894, 152, 105, 40, 24900, 7),
(4895, 152, 51, 52, 99414, 28),
(4896, 153, 161.1, 10, 399617, 100),
(4897, 153, 131, 20, 241843, 61),
(4898, 153, 103.1, 32, 284117, 71),
(4899, 153, 77, 52, 229561, 57),
(4900, 154, 105, 20, 31615, 100),
(4901, 154, 77, 48, 15401, 49),
(4902, 155, 105, 16, 18130, 100),
(4903, 155, 77, 48, 9299, 51),
(4904, 156, 169.1, 24, 153380, 100),
(4905, 156, 141.1, 48, 99533, 65),
(4906, 156, 232.1, 24, 40109, 26),
(4907, 156, 144, 44, 25990, 17),
(4908, 157, 183.1, 20, 79305, 100),
(4909, 157, 155.1, 44, 7771, 10),
(4910, 157, 165.1, 48, 8318, 10),
(4911, 157, 168.1, 48, 8059, 10),
(4912, 157, 153.1, 48, 7216, 9),
(4913, 157, 182.1, 48, 3731, 5),
(4914, 157, 154.1, 48, 3804, 5),
(4915, 158, 233, 28, 62240, 100),
(4916, 158, 205, 48, 36764, 59),
(4917, 158, 214.1, 32, 8116, 13),
(4918, 158, 284.1, 24, 9464, 15),
(4919, 158, 340.2, 24, 8235, 13),
(4920, 158, 167, 44, 8697, 14),
(4921, 158, 324.2, 28, 9028, 15),
(4922, 159, 189, 24, 57238, 100),
(4923, 159, 161, 48, 37164, 65),
(4924, 159, 214.1, 28, 5789, 10),
(4925, 159, 144, 40, 3954, 7),
(4926, 160, 155, 16, 105615, 100),
(4927, 160, 127.1, 48, 57101, 54),
(4928, 161, 155, 20, 108853, 100),
(4929, 161, 127.1, 48, 53995, 50),
(4930, 162, 155, 20, 159353, 100),
(4931, 162, 127.1, 48, 87627, 55),
(4932, 163, 155, 20, 127867, 100),
(4933, 163, 127.1, 48, 59378, 46),
(4934, 164, 155, 16, 167294, 100),
(4935, 164, 127.1, 48, 88346, 53),
(4936, 165, 121.1, 20, 56814, 100),
(4937, 165, 214.1, 24, 39969, 70),
(4938, 165, 144, 40, 28211, 50),
(4939, 165, 188.1, 16, 18468, 33),
(4940, 165, 91.1, 48, 9280, 16),
(4941, 166, 105.1, 24, 134502, 100),
(4942, 166, 214.1, 24, 105718, 79),
(4943, 166, 144, 40, 73366, 55),
(4944, 166, 188.1, 16, 16230, 12),
(4945, 166, 119, 24, 16735, 12),
(4946, 166, 43.1, 48, 24233, 18),
(4947, 166, 91.1, 48, 11612, 9),
(4948, 166, 130.1, 44, 7758, 6),
(4949, 166, 116, 48, 16721, 12),
(4950, 167, 121.1, 16, 99250, 100),
(4951, 167, 91.1, 48, 52541, 53),
(4952, 167, 93.1, 36, 8187, 8),
(4953, 167, 130.1, 48, 8175, 8),
(4954, 167, 200.1, 20, 8344, 8),
(4955, 167, 144.1, 32, 8711, 9),
(4956, 167, 188.1, 16, 6198, 6),
(4957, 168, 169, 36, 51522, 100),
(4958, 168, 188.1, 20, 9480, 18),
(4959, 168, 214.1, 32, 10770, 21),
(4960, 168, 144, 44, 11062, 21),
(4961, 169, 183.1, 28, 291536, 100),
(4962, 169, 155.1, 40, 85787, 29),
(4963, 169, 214.1, 24, 86045, 30),
(4964, 169, 144, 40, 50122, 17),
(4965, 169, 153.1, 48, 70645, 24),
(4966, 169, 154.1, 48, 34251, 12),
(4967, 169, 129.1, 48, 20329, 7),
(4968, 169, 115.1, 48, 17678, 6),
(4969, 170, 125, 32, 104819, 100),
(4970, 170, 188.1, 16, 18706, 18),
(4971, 170, 144, 44, 12024, 11),
(4972, 170, 214.1, 28, 13559, 13),
(4973, 171, 121.1, 32, 99839, 100),
(4974, 171, 149.1, 20, 35907, 36),
(4975, 171, 135, 32, 45551, 46),
(4976, 171, 144, 40, 15889, 16),
(4977, 171, 214.1, 28, 14783, 15),
(4978, 171, 77, 48, 25203, 25),
(4979, 171, 200.1, 16, 8613, 9),
(4980, 171, 107, 48, 8580, 9),
(4981, 172, 155, 20, 62411, 100),
(4982, 172, 114.1, 32, 28368, 45),
(4983, 172, 127.1, 48, 22956, 37),
(4984, 172, 70.1, 48, 6747, 11),
(4985, 173, 197.1, 24, 455867, 100),
(4986, 173, 141.1, 48, 228476, 50),
(4987, 173, 214.1, 24, 156316, 34),
(4988, 173, 144, 44, 92172, 20),
(4989, 173, 169.1, 36, 40336, 9),
(4990, 173, 154.1, 48, 34255, 8),
(4991, 174, 197.1, 24, 261252, 100),
(4992, 174, 141.1, 48, 139837, 54),
(4993, 174, 186.1, 24, 119438, 46),
(4994, 174, 144, 44, 61018, 23),
(4995, 174, 169.1, 36, 23618, 9),
(4996, 174, 154.1, 48, 21572, 8),
(4997, 174, 128.1, 48, 14928, 6),
(4998, 175, 141.1, 24, 652281, 100),
(4999, 175, 115.1, 64, 268411, 41),
(5000, 176, 155, 20, 896308, 100),
(5001, 176, 127, 60, 622434, 69),
(5002, 176, 77.1, 60, 9192, 1),
(5003, 176, 170, 44, 4723, 1),
(5004, 177, 155, 24, 1094382, 100),
(5005, 177, 127.1, 56, 752490, 69),
(5006, 178, 169.1, 24, 1323677, 100),
(5007, 178, 141.1, 48, 863392, 65),
(5008, 178, 212.1, 24, 319969, 24),
(5009, 178, 144, 44, 109982, 8),
(5010, 178, 115.1, 48, 131611, 10),
(5011, 179, 169.1, 24, 1592314, 100),
(5012, 179, 141.1, 48, 1012999, 64),
(5013, 179, 214.1, 24, 390929, 25),
(5014, 179, 144, 44, 214982, 14),
(5015, 179, 115.1, 56, 343844, 22),
(5016, 180, 185.1, 24, 3327597, 100),
(5017, 180, 157.1, 48, 1119110, 34),
(5018, 180, 228.1, 24, 672714, 20),
(5019, 180, 158.1, 44, 408451, 12),
(5020, 180, 127.1, 48, 285650, 9),
(5021, 180, 142, 60, 467312, 14),
(5022, 181, 185.1, 28, 2113481, 100),
(5023, 181, 157.1, 48, 726006, 34),
(5024, 181, 214.1, 24, 601373, 28),
(5025, 181, 144, 44, 332147, 16),
(5026, 181, 127.1, 60, 484839, 23),
(5027, 181, 142, 60, 310078, 15),
(5028, 182, 169.1, 24, 1719540, 100),
(5029, 182, 141.1, 48, 1091136, 63),
(5030, 182, 200.1, 24, 455316, 26),
(5031, 182, 144, 36, 221562, 13),
(5032, 182, 115.1, 64, 698918, 41),
(5033, 183, 169.1, 24, 718127, 100),
(5034, 183, 141.1, 48, 516714, 72),
(5035, 183, 200.1, 24, 373942, 52),
(5036, 183, 144, 40, 238468, 33),
(5037, 183, 115.1, 60, 239345, 33),
(5038, 184, 155, 24, 1329790, 100),
(5039, 184, 127.1, 52, 1093006, 82),
(5040, 184, 200.1, 24, 240688, 18),
(5041, 184, 144, 40, 138716, 10),
(5042, 185, 155, 24, 1192855, 100),
(5043, 185, 127.1, 48, 971911, 81),
(5044, 185, 186.1, 24, 231935, 19),
(5045, 185, 144, 40, 126535, 11),
(5046, 186, 155, 16, 1931176, 100),
(5047, 186, 127.1, 48, 1294546, 67),
(5048, 186, 178.1, 20, 60416, 3),
(5049, 187, 155, 16, 1516793, 100),
(5050, 187, 127.1, 48, 1024145, 68),
(5051, 187, 164.1, 16, 50992, 3),
(5052, 188, 155, 24, 1020805, 100),
(5053, 188, 127.1, 56, 794779, 78),
(5054, 188, 212.1, 24, 150889, 15),
(5055, 188, 144, 36, 51712, 5),
(5056, 189, 155, 28, 2682538, 100),
(5057, 189, 127.1, 64, 2035350, 76),
(5058, 189, 242.2, 24, 387422, 14),
(5059, 189, 144, 40, 243115, 9),
(5060, 190, 155, 24, 1084455, 100),
(5061, 190, 127.1, 56, 854971, 79),
(5062, 190, 228.1, 24, 158455, 15),
(5063, 190, 144, 44, 97991, 9),
(5064, 191, 155, 24, 793076, 100),
(5065, 191, 127.1, 64, 658680, 83),
(5066, 191, 248.1, 28, 117049, 15),
(5067, 191, 144, 44, 74412, 9),
(5068, 192, 155, 28, 375654, 100),
(5069, 192, 127.1, 52, 257284, 68),
(5070, 192, 292, 28, 48424, 13),
(5071, 192, 144, 48, 25016, 7),
(5072, 193, 127.1, 52, 1328961, 65),
(5073, 193, 155, 20, 2039468, 100),
(5074, 194, 135.1, 32, 1524394, 100),
(5075, 194, 214.1, 24, 208010, 14),
(5076, 194, 93.1, 52, 297959, 20),
(5077, 194, 107.1, 52, 195543, 13),
(5078, 194, 79.1, 56, 271144, 18),
(5079, 195, 135.1, 32, 412235, 100),
(5080, 195, 93.1, 48, 76884, 19),
(5081, 195, 107.1, 48, 56136, 14),
(5082, 195, 79.1, 48, 61110, 15),
(5083, 196, 155, 24, 536356, 100),
(5084, 196, 127.1, 48, 334452, 62),
(5085, 196, 244.1, 24, 24630, 5),
(5086, 196, 174.1, 36, 12810, 2),
(5087, 197, 155, 24, 1869437, 100),
(5088, 197, 127.1, 56, 1429128, 76),
(5089, 197, 214.1, 24, 301673, 16),
(5090, 197, 144, 40, 181172, 10),
(5091, 198, 155, 24, 467526, 100),
(5092, 198, 127.1, 48, 333380, 71),
(5093, 198, 214.1, 24, 56923, 12),
(5094, 198, 158.1, 36, 32461, 7),
(5095, 199, 155, 20, 307234, 100),
(5096, 199, 127.1, 48, 215371, 70),
(5097, 199, 200.1, 20, 39833, 13),
(5098, 199, 158.1, 36, 21646, 7),
(5099, 200, 155, 32, 469592, 100),
(5100, 200, 127.1, 48, 265833, 57),
(5101, 200, 158.1, 36, 85109, 18),
(5102, 200, 286.1, 20, 24037, 5),
(5103, 200, 256.2, 20, 19251, 4),
(5104, 201, 155, 24, 360639, 100),
(5105, 201, 127.1, 48, 244948, 68),
(5106, 201, 228.1, 24, 41328, 11),
(5107, 201, 158.1, 40, 23403, 6),
(5108, 202, 214.1, 14, 27318, 100),
(5109, 202, 197.1, 28, 24046, 88),
(5110, 202, 153.1, 48, 12579, 46),
(5111, 202, 171.1, 32, 10044, 37),
(5112, 202, 390.2, 6, 3685, 13),
(5113, 202, 212.2, 10, 3378, 12),
(5114, 202, 169.1, 48, 2860, 10),
(5115, 202, 257.1, 14, 2123, 8),
(5116, 202, 141.1, 48, 3881, 14),
(5117, 203, 139, 32, 110565, 100),
(5118, 203, 312.1, 16, 26786, 24),
(5119, 203, 111, 48, 28437, 26),
(5120, 203, 88.1, 16, 13320, 12),
(5121, 204, 243.1, 16, 12416, 62),
(5122, 204, 71.1, 24, 20124, 100),
(5123, 204, 43.1, 56, 19078, 95),
(5124, 204, 57.1, 32, 12681, 63),
(5125, 204, 85.1, 24, 10328, 51),
(5126, 204, 261.1, 14, 6286, 31),
(5127, 204, 201.1, 24, 4790, 24),
(5128, 204, 369.3, 10, 2981, 15),
(5129, 205, 243.1, 16, 10745, 64),
(5130, 205, 71.1, 28, 16746, 100),
(5131, 205, 43.1, 52, 15325, 92),
(5132, 205, 57.1, 36, 10488, 63),
(5133, 205, 85.1, 24, 8357, 50),
(5134, 205, 261.1, 14, 5516, 33),
(5135, 205, 201.1, 24, 3985, 24),
(5136, 205, 369.3, 10, 2216, 13),
(5137, 206, 200.1, 20, 31142, 88),
(5138, 206, 174.1, 20, 35252, 100),
(5139, 206, 172.1, 32, 34878, 99),
(5140, 206, 171.1, 44, 23077, 65),
(5141, 206, 131.1, 44, 14866, 42),
(5142, 206, 157.1, 44, 7137, 20),
(5143, 206, 130.1, 48, 14444, 41),
(5144, 206, 159.1, 32, 8771, 25),
(5145, 206, 198.1, 16, 5655, 16),
(5146, 207, 188.1, 12, 16752, 100),
(5147, 207, 218.1, 8, 13107, 78),
(5148, 207, 189.1, 20, 7965, 48),
(5149, 207, 174.1, 32, 7007, 42),
(5150, 208, 160.1, 10, 545990, 100),
(5151, 208, 132.1, 16, 294603, 54),
(5152, 208, 131.1, 20, 241111, 44),
(5153, 208, 130.1, 32, 215781, 40),
(5154, 208, 105.1, 28, 115014, 21),
(5155, 208, 77, 56, 176726, 32),
(5156, 208, 117.1, 32, 124121, 23),
(5157, 208, 79.1, 40, 48218, 9),
(5158, 208, 103.1, 48, 38203, 7),
(5159, 209, 105.1, 20, 36447, 100),
(5160, 209, 77.2, 48, 19195, 53),
(5161, 209, 100.2, 24, 17371, 48),
(5162, 209, 72.2, 16, 7207, 20),
(5163, 210, 91.1, 32, 53588, 100),
(5164, 210, 131.1, 16, 15031, 28),
(5165, 210, 115.1, 44, 8597, 16),
(5166, 210, 167.1, 20, 14004, 26),
(5167, 211, 236.2, 12, 1875843, 100),
(5168, 211, 130.1, 32, 496580, 26),
(5169, 211, 98.4, 36, 111, 0),
(5170, 211, 152.1, 52, 146088, 8),
(5171, 212, 58.1, 24, 309444, 100),
(5172, 212, 361.3, 16, 34740, 11),
(5173, 212, 292.2, 14, 29233, 9),
(5174, 212, 71.1, 32, 46696, 15),
(5175, 212, 275.2, 16, 34856, 11),
(5176, 212, 182.2, 20, 24760, 8),
(5177, 213, 58.1, 20, 55578, 100),
(5178, 213, 181.1, 20, 14567, 26),
(5179, 213, 347.3, 16, 12824, 23),
(5180, 213, 387.3, 10, 8886, 16),
(5181, 213, 111, 40, 4786, 9),
(5182, 213, 43.1, 48, 8657, 16),
(5183, 214, 155, 24, 62339, 100),
(5184, 214, 171, 32, 45896, 74),
(5185, 214, 299.1, 16, 21100, 34),
(5186, 214, 127.1, 48, 34931, 56),
(5187, 214, 143, 48, 17291, 28),
(5188, 214, 241.1, 16, 5637, 9),
(5189, 215, 207.1, 8, 67429, 100),
(5190, 215, 192.1, 16, 25008, 37),
(5191, 215, 105.1, 36, 5504, 8),
(5192, 215, 163.1, 28, 11283, 17),
(5193, 215, 91.1, 48, 6726, 10),
(5194, 215, 135.1, 24, 4344, 6),
(5195, 215, 79.1, 52, 5270, 8),
(5196, 215, 103.1, 44, 3393, 5),
(5197, 215, 133.1, 36, 3133, 5),
(5198, 215, 77, 56, 9942, 15),
(5199, 216, 160.1, 10, 554543, 100),
(5200, 216, 131.1, 24, 259829, 47),
(5201, 216, 130.1, 36, 180693, 33),
(5202, 216, 132.1, 16, 183778, 33),
(5203, 216, 91.1, 28, 152827, 28),
(5204, 216, 77, 52, 138693, 25),
(5205, 216, 147.1, 10, 80007, 14),
(5206, 216, 145.1, 16, 41667, 8),
(5207, 216, 117.1, 28, 39282, 7),
(5208, 217, 117.1, 40, 62112, 100),
(5209, 217, 73.1, 20, 26140, 42),
(5210, 217, 74.1, 24, 14184, 23),
(5211, 217, 45.1, 44, 9101, 15),
(5212, 217, 46.1, 52, 3714, 6),
(5213, 218, 72.1, 24, 23315, 100),
(5214, 218, 147, 16, 13048, 56),
(5215, 218, 91.1, 40, 9162, 39),
(5216, 218, 149.1, 20, 5765, 25),
(5217, 218, 177.1, 12, 6348, 27),
(5218, 218, 119, 32, 5432, 23),
(5219, 218, 65, 64, 8767, 38),
(5220, 219, 86.1, 20, 20480, 100),
(5221, 219, 161.1, 16, 16867, 82),
(5222, 219, 191.1, 10, 14730, 72),
(5223, 219, 149, 20, 10818, 53),
(5224, 219, 163.1, 16, 7350, 36),
(5225, 219, 121, 36, 4725, 23),
(5226, 219, 105.1, 32, 5089, 25),
(5227, 219, 65, 48, 9715, 47),
(5228, 219, 71.1, 48, 7399, 36),
(5229, 220, 230.9, 32, 105918, 100),
(5230, 220, 202.9, 48, 54632, 52),
(5231, 220, 309.2, 20, 17810, 17),
(5232, 220, 234.1, 32, 13670, 13),
(5233, 220, 232.1, 32, 8365, 8),
(5234, 221, 230.9, 24, 68839, 100),
(5235, 221, 202.9, 48, 32108, 47),
(5236, 221, 291.2, 20, 9778, 14),
(5237, 221, 234.1, 32, 6099, 9),
(5238, 221, 76, 48, 6590, 10),
(5239, 221, 214.1, 32, 4240, 6),
(5240, 222, 135, 24, 56565, 100),
(5241, 222, 114.1, 44, 8543, 15),
(5242, 222, 77, 48, 2679, 5),
(5243, 222, 107, 48, 3548, 6),
(5244, 223, 454.9, 32, 94661, 100),
(5245, 223, 84.1, 32, 16621, 18),
(5246, 223, 328, 48, 12154, 13),
(5247, 224, 98.1, 36, 36355, 100),
(5248, 224, 112.1, 24, 20651, 57),
(5249, 224, 362, 20, 6543, 18),
(5250, 224, 230.9, 40, 4893, 13),
(5251, 224, 202.9, 48, 1562, 4),
(5252, 225, 155, 20, 267280, 100),
(5253, 225, 127.1, 48, 153853, 58),
(5254, 225, 225.1, 24, 33036, 12),
(5255, 225, 144, 44, 20885, 8),
(5256, 226, 155, 24, 224828, 100),
(5257, 226, 127.1, 48, 160162, 71),
(5258, 226, 232.1, 24, 38569, 17),
(5259, 226, 144, 40, 25378, 11),
(5260, 227, 135.1, 32, 71003, 100),
(5261, 227, 112.1, 32, 24977, 35),
(5262, 227, 98.1, 48, 21966, 31),
(5263, 228, 98.1, 36, 103769, 100),
(5264, 228, 112.1, 24, 15424, 15),
(5265, 228, 70.1, 48, 5985, 6),
(5266, 228, 275.9, 36, 2575, 2),
(5267, 228, 407, 20, 4429, 4),
(5268, 229, 277.1, 24, 25590, 70),
(5269, 229, 155, 32, 36331, 100),
(5270, 229, 127.1, 48, 25143, 69),
(5271, 229, 143, 48, 12446, 34),
(5272, 229, 189, 36, 9806, 27),
(5273, 229, 231.1, 40, 2758, 8),
(5274, 230, 98.1, 36, 80742, 100),
(5275, 230, 112.1, 20, 75392, 93),
(5276, 230, 286.1, 16, 19606, 24),
(5277, 230, 155, 24, 31678, 39),
(5278, 230, 127.1, 48, 16936, 21),
(5279, 230, 58.1, 48, 11217, 14),
(5280, 230, 70.1, 48, 11201, 14),
(5281, 231, 135.1, 20, 41515, 100),
(5282, 231, 93.1, 56, 5551, 13),
(5283, 231, 107.1, 52, 3573, 9),
(5284, 231, 79.1, 56, 5423, 13),
(5285, 232, 41, 40, 6097, 40),
(5286, 232, 73.1, 32, 14119, 94),
(5287, 232, 250, 28, 13209, 88),
(5288, 232, 266, 20, 15070, 100),
(5289, 232, 45.1, 60, 6789, 45),
(5290, 233, 86.1, 10, 2878876, 100),
(5291, 233, 174.1, 16, 1588285, 55),
(5292, 233, 44, 40, 912523, 32),
(5293, 233, 131.1, 44, 385511, 13),
(5294, 233, 159.1, 32, 557467, 19),
(5295, 233, 130.1, 56, 697602, 24),
(5296, 233, 143.1, 36, 238688, 8),
(5297, 234, 210.1, 8, 72124, 100),
(5298, 234, 91.1, 44, 15428, 21),
(5299, 234, 151.1, 16, 18082, 25),
(5300, 234, 77, 52, 21189, 29),
(5301, 234, 195.1, 16, 7952, 11),
(5302, 234, 165.1, 16, 8754, 12),
(5303, 234, 79.1, 40, 6279, 9),
(5304, 234, 65, 64, 14251, 20),
(5305, 234, 103.1, 40, 6046, 8),
(5306, 235, 110.1, 10, 3092251, 100),
(5307, 235, 174.1, 16, 2072065, 67),
(5308, 235, 159.1, 36, 706277, 23),
(5309, 235, 131.1, 48, 493623, 16),
(5310, 235, 41, 48, 717920, 23),
(5311, 235, 143.1, 44, 287445, 9),
(5312, 235, 130.1, 56, 758224, 25),
(5313, 235, 79.1, 44, 169476, 5),
(5314, 235, 81.1, 28, 218928, 7),
(5315, 236, 116.1, 24, 320635, 100),
(5316, 236, 243, 10, 133124, 42),
(5317, 236, 115.1, 56, 250289, 78),
(5318, 237, 131, 20, 562866, 100),
(5319, 237, 159.1, 10, 502983, 89),
(5320, 237, 131.1, 20, 191028, 34),
(5321, 237, 91.1, 40, 159055, 28),
(5322, 237, 77, 40, 145419, 26),
(5323, 237, 115.1, 40, 70463, 13),
(5324, 237, 103.1, 40, 37636, 7),
(5325, 237, 116.1, 40, 36202, 6),
(5326, 237, 65, 40, 26235, 5),
(5327, 237, 129.1, 20, 18778, 3),
(5328, 238, 135.1, 40, 638505, 100),
(5329, 238, 272.1, 20, 146723, 23),
(5330, 238, 93.1, 40, 62481, 10),
(5331, 238, 202, 40, 58870, 9),
(5332, 238, 107.1, 40, 53940, 8),
(5333, 238, 79.1, 40, 42908, 7),
(5334, 239, 119.1, 20, 363808, 100),
(5335, 239, 147.1, 20, 295186, 81),
(5336, 239, 98.1, 20, 231290, 64),
(5337, 239, 91.1, 40, 197546, 54),
(5338, 239, 117.1, 40, 80102, 22),
(5339, 239, 56, 40, 57411, 16),
(5340, 239, 70.1, 20, 42676, 12),
(5341, 240, 105, 24, 43451, 100),
(5342, 240, 91, 48, 15458, 36),
(5343, 240, 140.1, 28, 14330, 33),
(5344, 240, 119, 24, 11467, 26),
(5345, 241, 105.1, 24, 19766, 100),
(5346, 241, 161.1, 12, 11707, 59),
(5347, 241, 91.1, 48, 7284, 37),
(5348, 241, 112.1, 32, 6766, 34),
(5349, 241, 133.1, 12, 4217, 21),
(5350, 241, 119, 32, 3564, 18),
(5351, 241, 84.1, 36, 2795, 14),
(5352, 241, 70.1, 28, 2121, 11),
(5353, 241, 72.1, 16, 1960, 10),
(5354, 242, 135.1, 20, 4927, 19),
(5355, 242, 150, 16, 16410, 62),
(5356, 242, 165.1, 8, 26442, 100),
(5357, 242, 77.1, 52, 7869, 30),
(5358, 242, 135, 32, 6982, 26),
(5359, 243, 225.1, 4, 22087, 100),
(5360, 243, 210.1, 16, 2900, 13),
(5361, 243, 91.1, 48, 3485, 16),
(5362, 243, 164.1, 20, 1823, 8),
(5363, 243, 134.1, 24, 2032, 9),
(5364, 243, 119, 36, 1439, 7),
(5365, 243, 121.1, 36, 1070, 5),
(5366, 243, 195, 24, 1515, 7),
(5367, 243, 195.1, 24, 1515, 7),
(5368, 243, 167.1, 20, 987, 4),
(5369, 244, 77, 40, 35769, 100),
(5370, 244, 98.1, 20, 19459, 54),
(5371, 244, 135.1, 20, 16607, 46),
(5372, 244, 163, 12, 14636, 41),
(5373, 244, 77.1, 60, 7406, 21),
(5374, 245, 58.1, 14, 46486, 100),
(5375, 245, 174.1, 10, 11213, 24),
(5376, 245, 159.1, 32, 4517, 10),
(5377, 245, 115.1, 48, 2777, 6),
(5378, 245, 130.1, 44, 2803, 6),
(5379, 245, 143.1, 32, 1464, 3),
(5380, 245, 131.1, 40, 1533, 3),
(5381, 245, 117.1, 40, 1600, 3),
(5382, 246, 199.1, 8, 201803, 100),
(5383, 246, 184, 16, 99417, 49),
(5384, 246, 169, 28, 59938, 30),
(5385, 246, 77, 52, 46692, 23),
(5386, 246, 91.1, 48, 25732, 13),
(5387, 246, 164.1, 20, 20104, 10),
(5388, 246, 141, 40, 9620, 5),
(5389, 246, 113, 44, 7372, 4),
(5390, 246, 119, 36, 8413, 4),
(5391, 247, 109, 20, 12188, 100),
(5392, 247, 83, 48, 4026, 33),
(5393, 247, 137, 8, 5811, 48),
(5394, 248, 178.1, 10, 261926, 100),
(5395, 248, 150.1, 20, 150911, 58),
(5396, 248, 149.1, 20, 114506, 44),
(5397, 248, 148.1, 32, 90597, 35),
(5398, 248, 135, 32, 65150, 25),
(5399, 248, 103.1, 32, 49589, 19),
(5400, 248, 123.1, 20, 37426, 14),
(5401, 248, 77, 52, 64403, 25),
(5402, 248, 151.1, 10, 15234, 6),
(5403, 249, 109, 16, 198541, 100),
(5404, 249, 83, 44, 59656, 30),
(5405, 249, 137.1, 4, 136601, 69),
(5406, 249, 57, 56, 23000, 12),
(5407, 249, 59, 48, 8392, 4),
(5408, 249, 63, 52, 9941, 5),
(5409, 250, 72.1, 24, 77630, 97),
(5410, 250, 133.1, 16, 80029, 100),
(5411, 250, 105.1, 28, 60868, 76),
(5412, 250, 161.1, 12, 74012, 92),
(5413, 250, 77.1, 60, 25049, 31),
(5414, 250, 79.1, 40, 15342, 19),
(5415, 250, 42.1, 56, 11124, 14),
(5416, 250, 103, 44, 8785, 11),
(5417, 250, 91.1, 36, 8254, 10),
(5418, 250, 44.1, 52, 7055, 9),
(5419, 251, 174.1, 10, 23488, 100),
(5420, 251, 144.1, 40, 13777, 59),
(5421, 251, 145.1, 20, 14812, 63),
(5422, 251, 146.1, 16, 7036, 30),
(5423, 251, 161.1, 10, 1727, 7),
(5424, 251, 159.1, 16, 1715, 7),
(5425, 251, 105.1, 28, 2046, 9),
(5426, 251, 130.1, 44, 1562, 7),
(5427, 251, 131.1, 28, 1918, 8),
(5428, 252, 188.1, 10, 13395, 100),
(5429, 252, 159.1, 16, 7411, 55),
(5430, 252, 144.1, 32, 8352, 62),
(5431, 252, 160.1, 16, 4745, 35),
(5432, 252, 132.1, 20, 2226, 17),
(5433, 252, 105.1, 32, 1784, 13),
(5434, 252, 130.1, 48, 1895, 14),
(5435, 252, 161.1, 10, 1034, 8),
(5436, 252, 158.1, 32, 1632, 12),
(5437, 253, 105.1, 24, 204697, 100),
(5438, 253, 91.1, 44, 79598, 39),
(5439, 253, 161.1, 16, 90208, 44),
(5440, 253, 112.1, 32, 61110, 30),
(5441, 253, 133.1, 16, 43797, 21),
(5442, 253, 119, 24, 45925, 22),
(5443, 253, 84.1, 32, 31669, 15),
(5444, 253, 70.1, 16, 32466, 16),
(5445, 253, 203.1, 20, 9245, 5),
(5446, 254, 160.1, 10, 26480, 100),
(5447, 254, 145.1, 20, 19110, 72),
(5448, 254, 144.1, 32, 12967, 49),
(5449, 254, 91.1, 40, 3153, 12),
(5450, 254, 119.1, 20, 2511, 9),
(5451, 254, 77, 48, 2711, 10),
(5452, 254, 130.1, 36, 1409, 5),
(5453, 254, 147.1, 10, 1621, 6),
(5454, 254, 103.1, 48, 1376, 5),
(5455, 255, 174.1, 10, 19331, 100),
(5456, 255, 145.1, 20, 9891, 51),
(5457, 255, 144.1, 36, 10805, 56),
(5458, 255, 146.1, 16, 8378, 43),
(5459, 255, 91.1, 40, 4128, 21),
(5460, 255, 130.1, 40, 3726, 19),
(5461, 255, 159.1, 20, 2796, 14),
(5462, 255, 119.1, 24, 3070, 16),
(5463, 255, 131.1, 28, 3697, 19),
(5464, 256, 176.1, 10, 14746, 100),
(5465, 256, 161.1, 20, 9223, 63),
(5466, 256, 118.1, 36, 3162, 21),
(5467, 256, 146.1, 28, 4247, 29),
(5468, 256, 132.1, 36, 2203, 15),
(5469, 256, 145.1, 20, 2147, 15),
(5470, 256, 77, 48, 1655, 11),
(5471, 256, 91.1, 48, 1623, 11),
(5472, 256, 135.1, 24, 1168, 8),
(5473, 257, 164.1, 10, 97596, 100),
(5474, 257, 149.1, 20, 67903, 70),
(5475, 257, 148.1, 36, 43778, 45),
(5476, 257, 77, 48, 20830, 21),
(5477, 257, 123.1, 20, 11536, 12),
(5478, 257, 103.1, 32, 14907, 15),
(5479, 257, 95, 48, 4476, 5),
(5480, 257, 128, 48, 4789, 5),
(5481, 257, 101, 56, 8126, 8),
(5482, 258, 109, 20, 7278, 100),
(5483, 258, 83, 44, 2854, 39),
(5484, 258, 137.1, 6, 1913, 26),
(5485, 259, 178.1, 10, 8419, 100),
(5486, 259, 150.1, 16, 6147, 73),
(5487, 259, 149.1, 20, 3409, 40),
(5488, 259, 148.1, 36, 3282, 39),
(5489, 259, 135, 36, 3044, 36),
(5490, 259, 77, 44, 1863, 22),
(5491, 259, 103.1, 32, 2033, 24),
(5492, 259, 123.1, 20, 1692, 20),
(5493, 260, 109, 16, 358575, 100),
(5494, 260, 83, 44, 123944, 35),
(5495, 260, 137.1, 4, 151503, 42),
(5496, 260, 57, 56, 51098, 14),
(5497, 260, 59, 48, 17857, 5),
(5498, 261, 174.1, 10, 19447, 100),
(5499, 261, 144.1, 40, 15402, 79),
(5500, 261, 145.1, 20, 14194, 73),
(5501, 261, 146.1, 16, 6937, 36),
(5502, 261, 159.1, 20, 2038, 10),
(5503, 261, 130.1, 44, 1573, 8),
(5504, 261, 131.1, 28, 2304, 12),
(5505, 261, 105.1, 28, 2159, 11),
(5506, 261, 161.1, 10, 1638, 8),
(5507, 262, 188.1, 6, 36060, 100),
(5508, 262, 159.1, 16, 23234, 64),
(5509, 262, 144.1, 32, 29901, 83),
(5510, 262, 160.1, 16, 13591, 38),
(5511, 262, 132.1, 20, 7132, 20),
(5512, 262, 130.1, 44, 6285, 17),
(5513, 262, 105.1, 32, 4853, 13),
(5514, 262, 158.1, 32, 5035, 14),
(5515, 262, 131.1, 24, 5502, 15),
(5516, 263, 56, 40, 58252, 100),
(5517, 263, 98.1, 24, 57544, 99),
(5518, 263, 147, 20, 54429, 93),
(5519, 263, 91.1, 48, 31894, 55),
(5520, 263, 56.1, 52, 15981, 27),
(5521, 263, 65.1, 60, 21829, 37),
(5522, 263, 119, 32, 17101, 29),
(5523, 263, 149, 20, 18144, 31),
(5524, 263, 177.1, 16, 18100, 31),
(5525, 263, 55.2, 52, 7543, 13),
(5526, 263, 70.2, 44, 3022, 5),
(5527, 264, 161.1, 20, 161070, 99),
(5528, 264, 191.1, 12, 110606, 68),
(5529, 264, 112.1, 24, 163211, 100),
(5530, 264, 163.1, 20, 69456, 43),
(5531, 264, 149, 32, 72393, 44),
(5532, 264, 105.1, 40, 48025, 29),
(5533, 264, 121, 44, 37663, 23),
(5534, 264, 133.1, 32, 41269, 25),
(5535, 264, 84.1, 36, 31141, 19),
(5536, 265, 174.1, 10, 58321, 100),
(5537, 265, 159.1, 20, 35856, 61),
(5538, 265, 158.1, 32, 21401, 37),
(5539, 265, 144.1, 36, 9681, 17),
(5540, 265, 133.1, 20, 2916, 5),
(5541, 265, 161.1, 10, 3337, 6),
(5542, 265, 91.1, 44, 3200, 5),
(5543, 265, 115.1, 48, 3686, 6),
(5544, 265, 143.1, 48, 3373, 6),
(5545, 266, 179.1, 8, 945685, 100),
(5546, 266, 151.1, 20, 400283, 42),
(5547, 266, 107, 44, 93355, 10),
(5548, 266, 91.1, 40, 90090, 10),
(5549, 266, 164.1, 20, 79984, 8),
(5550, 266, 77, 56, 164734, 17),
(5551, 266, 136.1, 24, 70617, 7),
(5552, 266, 138.1, 20, 53369, 6),
(5553, 266, 121.1, 28, 48972, 5),
(5554, 267, 105.1, 24, 149671, 100),
(5555, 267, 91.1, 40, 106087, 71),
(5556, 267, 112.1, 20, 99881, 67),
(5557, 267, 161.1, 12, 73323, 49),
(5558, 267, 119, 24, 77484, 52),
(5559, 267, 133.1, 16, 32729, 22),
(5560, 267, 84.1, 32, 20713, 14),
(5561, 267, 70.1, 16, 17017, 11),
(5562, 267, 72.1, 24, 12353, 8),
(5563, 268, 160.1, 10, 228522, 100),
(5564, 268, 145.1, 20, 164955, 72),
(5565, 268, 144.1, 32, 114654, 50),
(5566, 268, 91.1, 36, 20888, 9),
(5567, 268, 119.1, 20, 15372, 7),
(5568, 268, 77, 56, 30333, 13),
(5569, 268, 130.1, 36, 11155, 5),
(5570, 268, 103.1, 48, 10598, 5),
(5571, 268, 147.1, 10, 9061, 4),
(5572, 269, 174.1, 10, 6016, 100),
(5573, 269, 145.1, 20, 2786, 46),
(5574, 269, 144.1, 32, 2850, 47),
(5575, 269, 146.1, 16, 2323, 39),
(5576, 269, 130.1, 40, 1166, 19),
(5577, 269, 91.1, 44, 1060, 18),
(5578, 269, 159.1, 16, 981, 16),
(5579, 269, 131.1, 28, 1117, 19),
(5580, 269, 119.1, 28, 1115, 19),
(5581, 270, 176.1, 10, 537122, 100),
(5582, 270, 161.1, 20, 283807, 53),
(5583, 270, 118.1, 40, 88122, 16),
(5584, 270, 145.1, 20, 74861, 14),
(5585, 270, 146.1, 32, 118719, 22),
(5586, 270, 163.1, 8, 72582, 14),
(5587, 270, 132.1, 40, 57875, 11),
(5588, 270, 144.1, 32, 53623, 10),
(5589, 270, 77, 52, 66543, 12),
(5590, 271, 164.1, 14, 114296, 100),
(5591, 271, 149.1, 20, 89573, 78),
(5592, 271, 148.1, 36, 51680, 45),
(5593, 271, 77, 48, 28005, 25),
(5594, 271, 123.1, 20, 16857, 15),
(5595, 271, 103.1, 28, 20456, 18),
(5596, 271, 151.1, 10, 6329, 6),
(5597, 271, 95, 40, 3728, 3),
(5598, 271, 101, 44, 4435, 4),
(5599, 272, 109, 16, 1121282, 100),
(5600, 272, 83, 48, 341571, 30),
(5601, 272, 137.1, 10, 292073, 26),
(5602, 273, 109, 16, 32826, 100),
(5603, 273, 83, 44, 10414, 32),
(5604, 273, 137.1, 4, 15894, 48),
(5605, 273, 57, 56, 4729, 14),
(5606, 273, 59, 52, 1867, 6),
(5607, 274, 174.1, 10, 304029, 100),
(5608, 274, 144.1, 36, 190329, 63),
(5609, 274, 145.1, 20, 186528, 61),
(5610, 274, 146.1, 16, 98693, 32),
(5611, 274, 130.1, 44, 19088, 6),
(5612, 274, 131.1, 28, 31357, 10),
(5613, 274, 159.1, 20, 24769, 8),
(5614, 274, 128.1, 52, 18000, 6),
(5615, 274, 161.1, 10, 13517, 4),
(5616, 275, 188.1, 8, 195884, 100),
(5617, 275, 144.1, 32, 126202, 64),
(5618, 275, 159.1, 16, 114734, 59),
(5619, 275, 160.1, 12, 79261, 40),
(5620, 275, 132.1, 20, 29235, 15),
(5621, 275, 130.1, 48, 26361, 13),
(5622, 275, 158.1, 28, 25394, 13),
(5623, 275, 131.1, 28, 23339, 12),
(5624, 275, 128.1, 44, 14460, 7),
(5625, 276, 117.1, 14, 508751, 100),
(5626, 276, 115.1, 28, 200313, 39),
(5627, 276, 91.1, 36, 179384, 35),
(5628, 276, 65, 48, 89548, 18),
(5629, 276, 89, 52, 18246, 4),
(5630, 277, 121.1, 20, 69913, 100),
(5631, 277, 91.1, 48, 49390, 71),
(5632, 277, 93.1, 36, 8377, 12),
(5633, 277, 272.1, 16, 2854, 4),
(5634, 278, 160.1, 10, 12537, 100),
(5635, 278, 132.1, 24, 6827, 54),
(5636, 278, 117.1, 36, 3130, 25),
(5637, 278, 190.1, 6, 1931, 15),
(5638, 278, 91.1, 36, 2254, 18),
(5639, 278, 147, 12, 1505, 12),
(5640, 278, 131.1, 40, 1267, 10),
(5641, 278, 65, 48, 2165, 17),
(5642, 279, 135, 20, 103228, 100),
(5643, 279, 175.1, 20, 75546, 73),
(5644, 279, 126.1, 32, 56728, 55),
(5645, 279, 149, 32, 18327, 18),
(5646, 279, 84.1, 44, 13365, 13),
(5647, 279, 205.1, 16, 7443, 7),
(5648, 279, 65, 48, 23341, 23),
(5649, 279, 70.1, 16, 9721, 9),
(5650, 279, 79.1, 44, 10017, 10),
(5651, 280, 155, 16, 14331, 100),
(5652, 280, 127.1, 44, 11322, 79),
(5653, 280, 144, 20, 7763, 54),
(5654, 280, 116, 44, 2946, 21),
(5655, 281, 91.1, 36, 349266, 100),
(5656, 281, 175.1, 16, 106739, 31),
(5657, 281, 134.1, 24, 63740, 18),
(5658, 281, 65, 48, 43735, 13),
(5659, 281, 120.1, 24, 12359, 4),
(5660, 282, 138.1, 20, 513270, 100),
(5661, 282, 136.1, 28, 108670, 21),
(5662, 282, 95, 48, 93321, 18),
(5663, 282, 44, 24, 143853, 28),
(5664, 282, 109, 40, 67073, 13),
(5665, 282, 96, 40, 57401, 11),
(5666, 282, 83, 48, 62413, 12),
(5667, 282, 91.1, 36, 60323, 12),
(5668, 282, 179.1, 16, 43699, 9),
(5669, 283, 103.1, 44, 4290, 3),
(5670, 283, 179.1, 8, 152822, 100),
(5671, 283, 91, 44, 30586, 20),
(5672, 283, 164, 20, 68321, 45),
(5673, 283, 149, 28, 32519, 21),
(5674, 283, 77.1, 52, 23219, 15),
(5675, 283, 65.1, 68, 12107, 8),
(5676, 283, 117.2, 28, 12705, 8),
(5677, 284, 109, 24, 12953, 100),
(5678, 284, 83, 48, 3524, 27),
(5679, 284, 85.1, 14, 1648, 13),
(5680, 284, 175.1, 14, 1039, 8),
(5681, 285, 91.1, 24, 1114549, 100),
(5682, 285, 117.1, 16, 613607, 55),
(5683, 285, 65.1, 64, 390998, 35),
(5684, 285, 115.1, 40, 167124, 15),
(5685, 285, 143.1, 12, 281512, 25),
(5686, 285, 128.1, 32, 96980, 9),
(5687, 285, 129, 12, 116199, 10),
(5688, 285, 193.1, 16, 17326, 2),
(5689, 286, 155, 24, 67795, 100),
(5690, 286, 127.1, 48, 21365, 32),
(5691, 286, 100.1, 48, 7786, 11),
(5692, 287, 327.2, 12, 14361, 100),
(5693, 287, 299.2, 20, 5626, 39),
(5694, 287, 43.2, 40, 2572, 18),
(5695, 288, 121.1, 32, 105236, 100),
(5696, 288, 135, 36, 38654, 37),
(5697, 288, 149.1, 24, 36139, 34),
(5698, 288, 254.2, 32, 9467, 9),
(5699, 288, 144, 44, 10163, 10),
(5700, 288, 77, 48, 13429, 13),
(5701, 289, 121.1, 24, 180495, 100),
(5702, 289, 254.2, 32, 76252, 42),
(5703, 289, 228.2, 16, 41545, 23),
(5704, 289, 144, 48, 50652, 28),
(5705, 289, 69.1, 48, 46810, 26),
(5706, 289, 158.1, 40, 16829, 9),
(5707, 289, 132.1, 24, 24802, 14),
(5708, 289, 91.1, 48, 24138, 13),
(5709, 290, 135, 20, 239453, 100),
(5710, 290, 107, 36, 95272, 40),
(5711, 290, 77, 48, 96449, 40),
(5712, 290, 214.1, 20, 16518, 7),
(5713, 290, 144, 36, 13996, 6),
(5714, 290, 92, 48, 27173, 11),
(5715, 290, 79.1, 44, 8827, 4),
(5716, 291, 135, 20, 462309, 100),
(5717, 291, 77, 48, 187982, 41),
(5718, 291, 79.1, 44, 24798, 5),
(5719, 292, 211.1, 16, 85189, 72),
(5720, 292, 126.1, 24, 118229, 100),
(5721, 292, 141.1, 32, 108362, 92),
(5722, 292, 127.1, 48, 99986, 85),
(5723, 292, 155, 32, 62588, 53),
(5724, 292, 84.1, 44, 24771, 21),
(5725, 292, 169.1, 20, 22111, 19),
(5726, 292, 70.1, 16, 9252, 8),
(5727, 293, 189, 32, 104703, 100),
(5728, 293, 161, 48, 90503, 86),
(5729, 294, 189, 24, 90132, 100),
(5730, 294, 161, 48, 73123, 81),
(5731, 294, 214.1, 24, 7528, 8),
(5732, 295, 189, 24, 150953, 100),
(5733, 295, 161, 48, 130586, 87),
(5734, 295, 214.1, 24, 23284, 15),
(5735, 295, 144, 40, 13317, 9),
(5736, 296, 189, 24, 138988, 100),
(5737, 296, 161, 48, 105354, 76),
(5738, 296, 214.1, 20, 13107, 9),
(5739, 296, 144, 40, 9014, 6),
(5740, 297, 189, 24, 165305, 100),
(5741, 297, 161, 48, 127619, 77),
(5742, 297, 214.1, 24, 15428, 9),
(5743, 297, 144, 40, 12097, 7),
(5744, 298, 189, 40, 465861, 100),
(5745, 298, 161, 40, 223175, 48),
(5746, 299, 105.1, 24, 217602, 100),
(5747, 299, 214.1, 24, 93840, 43),
(5748, 299, 144, 40, 73137, 34),
(5749, 299, 119, 24, 56473, 26),
(5750, 299, 188.1, 16, 27702, 13),
(5751, 299, 91.1, 48, 30873, 14),
(5752, 299, 130.1, 40, 16349, 8),
(5753, 299, 43.1, 48, 29460, 14),
(5754, 299, 79.1, 48, 20279, 9),
(5755, 300, 105.1, 24, 209127, 100),
(5756, 300, 214.1, 24, 194609, 93),
(5757, 300, 144, 40, 135241, 65),
(5758, 300, 188.1, 16, 48336, 23),
(5759, 300, 43.1, 48, 50668, 24),
(5760, 301, 183.1, 24, 365518, 100),
(5761, 301, 155.1, 40, 213674, 58),
(5762, 301, 214.1, 24, 93734, 26),
(5763, 301, 165.1, 32, 59800, 16),
(5764, 301, 144, 40, 59459, 16),
(5765, 301, 153.1, 48, 52887, 14),
(5766, 301, 141.1, 48, 16421, 4),
(5767, 302, 183.1, 24, 284657, 100),
(5768, 302, 155.1, 44, 174905, 61),
(5769, 302, 214.1, 24, 61222, 22),
(5770, 302, 144, 40, 36394, 13),
(5771, 302, 140.1, 48, 30357, 11),
(5772, 302, 153.1, 48, 20505, 7),
(5773, 303, 183.1, 24, 453325, 100),
(5774, 303, 155.1, 40, 332054, 73),
(5775, 303, 214.1, 20, 167560, 37),
(5776, 303, 144, 36, 88777, 20),
(5777, 303, 140.1, 48, 70231, 15),
(5778, 304, 183.1, 20, 222357, 100),
(5779, 304, 155.1, 36, 85482, 38),
(5780, 304, 214.1, 20, 43740, 20),
(5781, 304, 153.1, 48, 58647, 26),
(5782, 304, 144, 36, 27513, 12),
(5783, 304, 154.1, 48, 28133, 13),
(5784, 304, 129.1, 48, 19685, 9),
(5785, 304, 115.1, 48, 17641, 8),
(5786, 305, 183.1, 20, 475286, 100),
(5787, 305, 155.1, 36, 214982, 45),
(5788, 305, 214.1, 20, 213785, 45),
(5789, 305, 144, 40, 127495, 27),
(5790, 305, 153.1, 48, 131570, 28),
(5791, 305, 154.1, 48, 64757, 14),
(5792, 306, 183.1, 20, 322464, 100),
(5793, 306, 214.1, 20, 230532, 71),
(5794, 306, 144, 40, 155872, 48),
(5795, 306, 155.1, 40, 116460, 36),
(5796, 306, 141.1, 36, 86972, 27),
(5797, 306, 153.1, 48, 78675, 24),
(5798, 306, 165.1, 40, 25255, 8),
(5799, 306, 43.1, 48, 41597, 13),
(5800, 307, 125, 36, 285268, 100),
(5801, 307, 188.1, 16, 55052, 19),
(5802, 307, 214.1, 24, 53650, 19),
(5803, 307, 144, 40, 47784, 17),
(5804, 307, 130.1, 44, 29321, 10),
(5805, 307, 139, 32, 21289, 7),
(5806, 307, 187.1, 20, 13271, 5),
(5807, 307, 312.2, 12, 4887, 2),
(5808, 308, 125, 32, 155778, 100),
(5809, 308, 214.1, 20, 88424, 57),
(5810, 308, 144, 36, 65699, 42),
(5811, 308, 188.1, 16, 56596, 36),
(5812, 309, 155, 20, 150165, 100),
(5813, 309, 127.1, 48, 67192, 45),
(5814, 309, 114.1, 32, 45349, 30),
(5815, 309, 70.1, 48, 12336, 8),
(5816, 310, 169.1, 24, 265647, 100),
(5817, 310, 141.1, 44, 209311, 79),
(5818, 310, 214.1, 20, 75725, 29),
(5819, 310, 144, 36, 52781, 20),
(5820, 310, 115.1, 48, 47664, 18),
(5821, 311, 169.1, 20, 356339, 100),
(5822, 311, 141.1, 40, 259568, 73),
(5823, 311, 214.1, 20, 72233, 20),
(5824, 311, 144, 36, 41396, 12),
(5825, 311, 115.1, 48, 62775, 18),
(5826, 312, 169.1, 20, 684652, 100),
(5827, 312, 141.1, 40, 559096, 82),
(5828, 312, 214.1, 20, 208764, 30),
(5829, 312, 144, 36, 121390, 18),
(5830, 312, 115.1, 48, 129940, 19),
(5831, 313, 169.1, 20, 211342, 100),
(5832, 313, 141.1, 44, 151912, 72),
(5833, 313, 214.1, 20, 38337, 18),
(5834, 313, 144, 36, 24513, 12),
(5835, 313, 115.1, 48, 39265, 19),
(5836, 314, 169.1, 20, 907553, 100),
(5837, 314, 141.1, 40, 713842, 79),
(5838, 314, 214.1, 20, 322344, 36),
(5839, 314, 144, 36, 196136, 22),
(5840, 314, 115.1, 48, 168884, 19),
(5841, 314, 43.1, 48, 51966, 6),
(5842, 315, 169.1, 24, 706988, 100),
(5843, 315, 141.1, 44, 567732, 80),
(5844, 315, 214.1, 20, 310381, 44),
(5845, 315, 144, 36, 223441, 32),
(5846, 315, 43.1, 56, 63610, 9),
(5847, 315, 115.1, 56, 187411, 27),
(5848, 316, 185.1, 16, 539394, 100),
(5849, 316, 170, 44, 280276, 52),
(5850, 316, 127.1, 48, 47770, 9),
(5851, 316, 129.1, 40, 24192, 4),
(5852, 317, 185.1, 16, 389440, 100),
(5853, 317, 170, 44, 195583, 50),
(5854, 317, 127.1, 48, 32986, 8),
(5855, 317, 129.1, 40, 17080, 4),
(5856, 318, 157.1, 40, 143591, 90),
(5857, 318, 185.1, 20, 159945, 100),
(5858, 318, 214.1, 20, 122479, 77),
(5859, 318, 144, 36, 57854, 36),
(5860, 318, 142, 48, 53030, 33),
(5861, 319, 185.1, 20, 489346, 100),
(5862, 319, 157.1, 36, 99151, 20),
(5863, 319, 127.1, 48, 186276, 38),
(5864, 319, 129.1, 40, 67596, 14),
(5865, 319, 214.1, 20, 47260, 10),
(5866, 319, 128.1, 48, 81226, 17),
(5867, 319, 144, 36, 34183, 7),
(5868, 320, 185.1, 20, 366473, 100),
(5869, 320, 214.1, 20, 170816, 47),
(5870, 320, 129.1, 40, 158599, 43),
(5871, 320, 144, 36, 109689, 30),
(5872, 320, 128.1, 48, 140294, 38),
(5873, 320, 127.1, 48, 119583, 33),
(5874, 321, 185.1, 32, 319266, 100),
(5875, 321, 142, 48, 139944, 44),
(5876, 321, 170, 48, 52493, 16),
(5877, 321, 127.1, 48, 59457, 19),
(5878, 321, 129.1, 40, 28135, 9),
(5879, 321, 144, 36, 11525, 4),
(5880, 321, 114, 48, 30629, 10),
(5881, 322, 155, 20, 257831, 100),
(5882, 322, 127.1, 48, 220301, 85),
(5883, 322, 200.1, 20, 38056, 15),
(5884, 322, 144, 36, 34809, 14),
(5885, 323, 155, 20, 286378, 100),
(5886, 323, 127.1, 48, 214320, 75),
(5887, 323, 144, 32, 56484, 20),
(5888, 323, 200.1, 16, 29169, 10),
(5889, 323, 272.1, 16, 3888, 1),
(5890, 324, 272.1, 16, 102969, 92),
(5891, 324, 155, 32, 104685, 93),
(5892, 324, 127.1, 48, 112075, 100),
(5893, 324, 144, 32, 74507, 66),
(5894, 324, 116, 48, 21836, 19),
(5895, 325, 155, 20, 122944, 100),
(5896, 325, 127.1, 44, 92676, 75),
(5897, 325, 200.1, 16, 19449, 16),
(5898, 325, 144, 32, 18014, 15),
(5899, 326, 155, 20, 658931, 100),
(5900, 326, 127.1, 48, 492192, 75),
(5901, 326, 144, 36, 145181, 22),
(5902, 326, 200.1, 16, 67741, 10),
(5903, 327, 272.1, 12, 143277, 100),
(5904, 327, 144, 32, 129633, 90),
(5905, 327, 155, 32, 115242, 80),
(5906, 327, 127.1, 48, 122736, 86),
(5907, 327, 116, 48, 37022, 26),
(5908, 328, 155, 20, 189198, 100),
(5909, 328, 127.1, 48, 143577, 76),
(5910, 328, 200.1, 20, 33695, 18),
(5911, 328, 144, 32, 22236, 12),
(5912, 329, 155, 20, 1288549, 100),
(5913, 329, 127.1, 48, 1059521, 82),
(5914, 329, 214.1, 20, 203970, 16),
(5915, 329, 144, 36, 107524, 8),
(5916, 330, 155, 24, 328139, 100),
(5917, 330, 127.1, 48, 276765, 84),
(5918, 330, 214.1, 20, 42226, 13),
(5919, 330, 144, 32, 40713, 12),
(5920, 331, 155, 20, 258066, 100),
(5921, 331, 127.1, 48, 223498, 87),
(5922, 331, 144, 32, 41162, 16),
(5923, 331, 214.1, 20, 31586, 12),
(5924, 332, 155, 24, 178743, 100),
(5925, 332, 127.1, 48, 132310, 74),
(5926, 332, 144, 32, 38008, 21),
(5927, 332, 214.1, 16, 14812, 8),
(5928, 332, 272.1, 16, 4363, 2),
(5929, 333, 155, 20, 147720, 100),
(5930, 333, 127.1, 48, 102193, 69),
(5931, 333, 144, 32, 35353, 24),
(5932, 333, 214.1, 16, 10080, 7),
(5933, 333, 272.1, 16, 4968, 3),
(5934, 334, 155, 20, 128242, 100),
(5935, 334, 127.1, 48, 90826, 71),
(5936, 334, 144, 32, 35281, 28),
(5937, 334, 272.1, 16, 10380, 8),
(5938, 334, 214.1, 16, 8325, 6),
(5939, 334, 43.1, 44, 8223, 6),
(5940, 335, 272.1, 16, 112266, 100),
(5941, 335, 155, 32, 102553, 91),
(5942, 335, 144, 32, 71350, 64),
(5943, 335, 127.1, 48, 105936, 94),
(5944, 336, 155, 20, 181127, 100),
(5945, 336, 127.1, 44, 142695, 79),
(5946, 336, 214.1, 20, 29304, 16),
(5947, 336, 144, 36, 16283, 9),
(5948, 337, 155, 20, 264478, 100),
(5949, 337, 127.1, 48, 197600, 75),
(5950, 337, 214.1, 20, 33271, 13),
(5951, 337, 144, 32, 36003, 14),
(5952, 338, 155, 20, 375217, 100),
(5953, 338, 127.1, 48, 302567, 81),
(5954, 338, 144, 36, 59691, 16),
(5955, 338, 214.1, 20, 44602, 12),
(5956, 339, 155, 20, 228085, 100),
(5957, 339, 127.1, 48, 154355, 68),
(5958, 339, 144, 36, 53327, 23),
(5959, 339, 214.1, 16, 16581, 7),
(5960, 340, 155, 20, 338504, 100),
(5961, 340, 127.1, 48, 210462, 62),
(5962, 340, 144, 36, 97449, 29),
(5963, 340, 272.1, 16, 16390, 5),
(5964, 340, 214.1, 16, 20643, 6),
(5965, 341, 272.1, 12, 148431, 100),
(5966, 341, 144, 32, 109629, 74),
(5967, 341, 155, 32, 113304, 76),
(5968, 341, 127.1, 48, 103137, 69),
(5969, 342, 155, 20, 389745, 100),
(5970, 342, 127.1, 48, 287054, 74),
(5971, 342, 214.1, 20, 59910, 15),
(5972, 342, 144, 32, 41049, 11),
(5973, 343, 155, 20, 183861, 100),
(5974, 343, 127.1, 48, 127419, 69),
(5975, 343, 144, 36, 49039, 27),
(5976, 343, 214.1, 16, 12341, 7),
(5977, 343, 272.1, 16, 4074, 2),
(5978, 344, 230.9, 32, 57379, 100),
(5979, 344, 202.9, 48, 30025, 52),
(5980, 345, 230.9, 24, 37756, 100),
(5981, 345, 202.9, 48, 18058, 48),
(5982, 346, 155, 24, 562595, 100),
(5983, 346, 127.1, 48, 464324, 83),
(5984, 346, 232.1, 20, 83577, 15),
(5985, 346, 144, 40, 51536, 9),
(5986, 346, 340.2, 16, 10255, 2),
(5987, 347, 155, 20, 615650, 100),
(5988, 347, 127.1, 48, 489247, 79),
(5989, 347, 232.1, 20, 108912, 18),
(5990, 347, 144, 40, 44294, 7),
(5991, 348, 155, 24, 530196, 100),
(5992, 348, 127.1, 48, 442133, 83),
(5993, 348, 232.1, 20, 125024, 24),
(5994, 348, 144, 40, 42466, 8),
(5995, 349, 155, 20, 339631, 100),
(5996, 349, 127.1, 48, 254762, 75),
(5997, 349, 232.1, 20, 56857, 17),
(5998, 349, 144, 40, 41450, 12),
(5999, 350, 188.1, 12, 1186133, 100),
(6000, 350, 218.1, 8, 469008, 40),
(6001, 350, 131.1, 36, 583667, 49),
(6002, 350, 135, 16, 444956, 38),
(6003, 350, 175.1, 12, 621135, 52),
(6004, 350, 205.1, 8, 194793, 16),
(6005, 350, 160.1, 20, 368004, 31),
(6006, 350, 159.1, 28, 290361, 24),
(6007, 350, 77, 56, 236232, 20),
(6008, 351, 291, 6, 189597, 100),
(6009, 351, 276, 20, 56339, 30),
(6010, 351, 260.9, 32, 26971, 14),
(6011, 351, 91.1, 48, 49372, 26),
(6012, 351, 106, 48, 33022, 17),
(6013, 351, 164.1, 16, 27079, 14),
(6014, 351, 78, 48, 24239, 13),
(6015, 351, 119, 36, 12062, 6),
(6016, 351, 104.1, 36, 16574, 9),
(6017, 352, 126.1, 28, 1271929, 100),
(6018, 352, 135, 28, 985574, 77),
(6019, 352, 175, 20, 1086490, 85),
(6020, 352, 149, 32, 639181, 50),
(6021, 353, 174.1, 16, 682428, 77),
(6022, 353, 114.1, 10, 880570, 100),
(6023, 353, 159.1, 32, 232019, 26),
(6024, 353, 131.1, 44, 167662, 19),
(6025, 353, 143.1, 40, 112866, 13),
(6026, 353, 130.1, 48, 209128, 24),
(6027, 353, 72.1, 32, 139838, 16),
(6028, 353, 115.1, 48, 34329, 4),
(6029, 353, 102.1, 10, 45817, 5),
(6030, 354, 257, 6, 195884, 100),
(6031, 354, 229, 16, 76149, 39),
(6032, 354, 178.1, 20, 79481, 41),
(6033, 354, 135.1, 36, 40815, 21),
(6034, 354, 242, 20, 23461, 12),
(6035, 354, 105.1, 44, 37317, 19),
(6036, 354, 227, 32, 15696, 8),
(6037, 354, 199, 32, 19792, 10),
(6038, 354, 91.1, 48, 19838, 10),
(6039, 354, 163.1, 28, 33706, 17),
(6040, 355, 243, 2, 11688, 100),
(6041, 355, 228, 16, 4630, 40),
(6042, 355, 213, 32, 2393, 20),
(6043, 355, 106, 48, 2746, 23),
(6044, 355, 91.1, 44, 2805, 24),
(6045, 355, 164.1, 16, 1852, 16),
(6046, 355, 134.1, 24, 1575, 13),
(6047, 355, 119, 36, 1206, 10),
(6048, 355, 149.1, 24, 1361, 12),
(6049, 356, 239.1, 6, 409280, 100),
(6050, 356, 197.1, 16, 255467, 62),
(6051, 356, 167, 32, 86586, 21),
(6052, 356, 182, 24, 113696, 28),
(6053, 356, 91.1, 48, 77447, 19),
(6054, 356, 121.1, 36, 28305, 7),
(6055, 356, 164.1, 20, 56675, 14),
(6056, 356, 134.1, 32, 41924, 10),
(6057, 356, 149.1, 32, 27589, 7),
(6058, 356, 119, 40, 23027, 6),
(6059, 357, 239.1, 8, 238346, 100),
(6060, 357, 91.1, 60, 33876, 14),
(6061, 357, 167, 28, 37039, 16),
(6062, 357, 134.1, 32, 24184, 10),
(6063, 358, 188.1, 20, 87299, 100),
(6064, 358, 44, 20, 29147, 33),
(6065, 358, 118.1, 40, 18378, 21),
(6066, 358, 145, 44, 11724, 13),
(6067, 358, 119.1, 32, 12865, 15),
(6068, 358, 127, 40, 6018, 7),
(6069, 358, 229.1, 16, 5760, 7),
(6070, 358, 148.1, 32, 6156, 7),
(6071, 359, 73.1, 16, 35854, 34),
(6072, 359, 74.1, 16, 19746, 19),
(6073, 359, 45.1, 44, 12423, 12),
(6074, 359, 174.1, 16, 104080, 100),
(6075, 359, 131.1, 36, 40955, 39),
(6076, 359, 46.1, 48, 4993, 5),
(6077, 359, 72.1, 12, 16284, 16),
(6078, 359, 146.1, 24, 35726, 34),
(6079, 359, 204.1, 4, 59404, 57),
(6080, 359, 174.6, 20, 29549, 28),
(6081, 360, 58.1, 10, 106817, 100),
(6082, 360, 174.1, 12, 56417, 53),
(6083, 360, 130.1, 48, 24270, 23),
(6084, 360, 131.1, 32, 14426, 14),
(6085, 360, 159.1, 24, 19165, 18),
(6086, 360, 143.1, 32, 8131, 8),
(6087, 360, 115.1, 44, 3085, 3),
(6088, 361, 193.1, 4, 496910, 100),
(6089, 361, 178.1, 16, 192405, 39),
(6090, 361, 91.1, 52, 66805, 13),
(6091, 361, 163.1, 24, 98642, 20),
(6092, 361, 105.1, 24, 70303, 14),
(6093, 361, 135.1, 20, 42171, 8),
(6094, 361, 79.1, 44, 40097, 8),
(6095, 361, 77, 56, 70275, 14),
(6096, 361, 103.1, 40, 25131, 5),
(6097, 361, 115.1, 56, 22426, 5),
(6098, 362, 193.1, 6, 208568, 100),
(6099, 362, 178.1, 12, 72812, 35),
(6100, 362, 165.1, 12, 76591, 37),
(6101, 362, 135.1, 20, 47888, 23),
(6102, 362, 91.1, 48, 34726, 17),
(6103, 362, 163.1, 24, 57700, 28),
(6104, 362, 79.1, 40, 18943, 9),
(6105, 362, 105.1, 32, 18210, 9),
(6106, 362, 103.1, 40, 13266, 6),
(6107, 362, 77, 48, 28265, 14),
(6108, 363, 192, 24, 9923, 7),
(6109, 363, 160, 16, 147775, 100),
(6110, 363, 190.1, 8, 65152, 44),
(6111, 363, 132, 28, 73242, 50),
(6112, 364, 154, 20, 55025, 100),
(6113, 364, 118.1, 36, 38604, 70),
(6114, 364, 119.1, 24, 28103, 51),
(6115, 364, 44, 24, 14253, 26),
(6116, 364, 111, 48, 5588, 10),
(6117, 364, 91.1, 48, 10547, 19),
(6118, 364, 104, 44, 4061, 7),
(6119, 365, 176.1, 6, 162621, 100),
(6120, 365, 161.1, 16, 79823, 49),
(6121, 365, 118.1, 44, 27810, 17),
(6122, 365, 146.1, 32, 46798, 29),
(6123, 365, 145.1, 20, 28364, 17),
(6124, 365, 58.1, 10, 30488, 19),
(6125, 365, 135.1, 20, 16433, 10),
(6126, 365, 77, 48, 22375, 14),
(6127, 365, 144.1, 36, 13549, 8),
(6128, 366, 174.1, 10, 164453, 100),
(6129, 366, 145.1, 20, 70577, 43),
(6130, 366, 144.1, 32, 77649, 47),
(6131, 366, 146.1, 16, 63514, 39),
(6132, 366, 91.1, 36, 29795, 18),
(6133, 366, 130.1, 44, 24236, 15),
(6134, 366, 119.1, 20, 22211, 14),
(6135, 366, 159.1, 20, 21084, 13),
(6136, 366, 131.1, 28, 29241, 18),
(6137, 367, 58.1, 8, 79731, 100),
(6138, 367, 144.1, 12, 38306, 48),
(6139, 367, 115, 44, 8237, 10),
(6140, 367, 117.1, 36, 7781, 10),
(6141, 367, 91.1, 52, 6897, 9),
(6142, 367, 77.1, 56, 4405, 6),
(6143, 367, 126.9, 32, 4846, 6),
(6144, 367, 42.1, 60, 3826, 5),
(6145, 367, 43.1, 56, 2566, 3),
(6146, 367, 65.1, 60, 3849, 5),
(6147, 368, 164.1, 10, 102543, 100),
(6148, 368, 149.1, 20, 65519, 64),
(6149, 368, 148.1, 32, 34875, 34),
(6150, 368, 77, 44, 17768, 17),
(6151, 368, 123.1, 20, 11908, 12),
(6152, 368, 103.1, 32, 15586, 15),
(6153, 368, 95, 44, 3234, 3),
(6154, 368, 151.1, 10, 4443, 4),
(6155, 368, 101, 48, 5952, 6),
(6156, 369, 160.1, 10, 272709, 100),
(6157, 369, 145.1, 20, 196664, 72),
(6158, 369, 144.1, 32, 123551, 45),
(6159, 369, 91.1, 40, 27867, 10),
(6160, 369, 119.1, 20, 24782, 9),
(6161, 369, 77, 48, 25884, 9),
(6162, 369, 147.1, 6, 14264, 5),
(6163, 369, 103.1, 48, 11698, 4),
(6164, 369, 130.1, 36, 10804, 4),
(6165, 370, 91.1, 20, 212182, 100),
(6166, 370, 65, 48, 63712, 30),
(6167, 370, 85.1, 14, 27822, 13),
(6168, 371, 158.1, 4, 92302, 100),
(6169, 371, 143.1, 28, 23671, 26),
(6170, 371, 130, 20, 16708, 18),
(6171, 371, 117.1, 28, 14364, 16),
(6172, 372, 91, 16, 105260, 100),
(6173, 372, 65.1, 48, 29660, 28),
(6174, 372, 119, 8, 33541, 32),
(6175, 372, 39.1, 60, 9423, 9),
(6176, 372, 41.1, 60, 3764, 4),
(6177, 372, 46.2, 8, 5381, 5),
(6178, 372, 51.1, 60, 2771, 3),
(6179, 373, 132.1, 6, 21694, 100),
(6180, 373, 117.1, 24, 12684, 58),
(6181, 373, 105.1, 16, 7242, 33),
(6182, 373, 77, 40, 5015, 23),
(6183, 373, 133.1, 6, 6565, 30),
(6184, 373, 90, 36, 3709, 17),
(6185, 373, 89, 48, 3790, 17),
(6186, 373, 79.1, 32, 1727, 8),
(6187, 373, 103.1, 36, 1163, 5);

-- --------------------------------------------------------

--
-- Table structure for table `users`
--

CREATE TABLE IF NOT EXISTS `users` (
  `uid` int(11) NOT NULL AUTO_INCREMENT,
  `uName` varchar(150) NOT NULL,
  `uEmail` varchar(200) NOT NULL,
  `uPass` varchar(128) NOT NULL,
  `uRole` int(11) NOT NULL,
  PRIMARY KEY (`uid`),
  KEY `uRole` (`uRole`)
) ENGINE=InnoDB  DEFAULT CHARSET=latin1 AUTO_INCREMENT=10 ;

--
-- Dumping data for table `users`
--

INSERT INTO `users` (`uid`, `uName`, `uEmail`, `uPass`, `uRole`) VALUES
(2, 'Carlos', 'carlos@gmail.com', '0cbc6611f5540bd0809a388dc95a615b', 1),
(3, 'Carlos', 'Carlos@fiu.edu', '0cbc6611f5540bd0809a388dc95a615b', 2),
(6, 'Jose', 'carlos.mrtez2002@gmail.com', '0cbc6611f5540bd0809a388dc95a615b', 2),
(7, 'Test', 'test@gmail.com', '0cbc6611f5540bd0809a388dc95a615b', 2),
(8, 'TempName', 'carlos.mrtez2002@gmail.com', '2aeac48777d7d33ac22cb0c1bac45bf3', 2),
(9, 'TempName', 'cdomi049@fiu.edu', '2aeac48777d7d33ac22cb0c1bac45bf3', 2);

--
-- Constraints for dumped tables
--

--
-- Constraints for table `transition`
--
ALTER TABLE `transition`
  ADD CONSTRAINT `transition_ibfk_1` FOREIGN KEY (`cid`) REFERENCES `compounds` (`cid`);

--
-- Constraints for table `users`
--
ALTER TABLE `users`
  ADD CONSTRAINT `users_ibfk_1` FOREIGN KEY (`uRole`) REFERENCES `role` (`rid`);

/*!40101 SET CHARACTER_SET_CLIENT=@OLD_CHARACTER_SET_CLIENT */;
/*!40101 SET CHARACTER_SET_RESULTS=@OLD_CHARACTER_SET_RESULTS */;
/*!40101 SET COLLATION_CONNECTION=@OLD_COLLATION_CONNECTION */;
